"COMCOD",COURSE NO.,COURSE TITLE,CREDIT,SEC,INSTRUCTOR-IN-CHARGE / Instructor,ROOM,DAYS & HOURS,"COMMONHOUR","COMPREDATE &SESSION",,
"",,,L,P,U,,,,,,
1001,BIO F110,BIOLOGY LABORATORY,-,-,1,P1B,B Vani,,Th  10 11,,
"",,,,,,,Nilanjana Mani(RS),,,,
"",,,,,,P1N,Sonakshi Puri(RS),,T  7 8,,
"",,,,,,P2N,Saurabh Singh(RS),,T  7 8,,
"",,,,,,P3N,Sayantani Chatterjee(RS),,T  7 8,,
"",,,,,,P4N,Sumukh Thakar(RS),,T  7 8,,
"",,,,,,P5N,Ankita Sharma(RS),,T  7 8,,
"",,,,,,P6N,Aishwarya Singh(RS),,T  7 8,,
"",,,,,,P7N,Propanna Bandyopadhyay(RS),,T  7 8,,
"",,,,,,P8N,Gunjan(RS),,T  7 8,,
"",,,,,,P9N,Sumukh Thakar(RS),,T  9 10,,
"",,,,,,P10N,Ankita Sharma(RS),,T  9 10,,
"",,,,,,P11N,SANDHYA AMOL MARATHE,,T  9 10,,
"",,,,,,,Sayantani Chatterjee(RS),,,,
"",,,,,,P12N,Harshita Sharma(RS),,T  9 10,,
"",,,,,,P13N,Meghana Tare,,T  9 10,,
"",,,,,,,Debolina Chatterjee(RS),,,,
"",,,,,,P14N,Hansa Sehgal(RS),,T  9 10,,
"",,,,,,P15N,Priyanka Roy(RS),,T  9 10,,
"",,,,,,P16N,Sonakshi Puri(RS),,Th  9 10,,
"",,,,,,P17N,Saurabh Singh(RS),,Th  9 10,,
"",,,,,,P18N,Balakumaran Chandrasekar,,Th  9 10,,
"",,,,,,,Kunal Malik(RS),,,,
"",,,,,,P19N,B Vani,,Th  9 10,,
"",,,,,,P20N,Hansa Sehgal(RS),,Th  9 10,,
"COMCOD",COURSE NO.,COURSE TITLE,CREDIT,SEC,INSTRUCTOR-IN-CHARGE / Instructor,ROOM,DAYS & HOURS,"COMMONHOUR","COMPREDATE &SESSION",,
"",,,L,P,U,,,,,,
"",,,,,,P21N,Priyanka Roy(RS),,Th  9 10,,
"",,,,,,P22N,Gunjan(RS),,Th  9 10,,
1002,BIO F111,GENERAL BIOLOGY,-,-,3,L1B,B Vani,6103,M W F  2,,20/12 FN
"",,,,,,L2N,RAJDEEP CHOWDHURY,,M W F  2,,19/01 AN
"",,,,,,,Mukul Joshi,,,,
"",,,,,,,Syamantak Majumder,,,,
"",,,,,,L3N,Rajdeep Chowdhury,,M W F  9,,19/01 AN
"",,,,,,,Mukul Joshi,,,,
"",,,,,,,Syamantak Majumder,,,,
"",,Tutorial,,,,T1B,B Vani,6101,Th  7,,
"",,,,,,T2N,Balakumaran Chandrasekar,,F  4,,
"",,,,,,T3N,Vishalakshi Bhanot(RS),,F  4,,
"",,,,,,T4N,Ashish Katyal(RS),,F  4,,
"",,,,,,T5N,Ashima Sakhuja(RS),,M  4,,
"",,,,,,T6N,Abhilasha Srivastava(RS),,M  4,,
"",,,,,,T7N,Niyati Kamlesh Pandya(RS),,M  4,,
"",,,,,,T8N,Mukul Joshi,,Th  4,,
"",,,,,,,S.ramakrishnan(RS),,,,
"",,,,,,T9N,Prabhat Nath Jha,,Th  7,,
"",,,,,,,Chinmay Nayak(RS),,,,
"",,,,,,T10N,Shreyas M Iyer(RS),,Th  7,,
"",,,,,,T11N,Rita Sharma,,W  4,,
"",,,,,,,Farhanur Rahman(RS),,,,
"",,,,,,T12N,B Vani,,W  4,,
"",,,,,,T13N,Samiksha Agrawal(RS),,W  4,,
"COMCOD",COURSE NO.,COURSE TITLE,CREDIT,SEC,INSTRUCTOR-IN-CHARGE / Instructor,ROOM,DAYS & HOURS,"COMMONHOUR","COMPREDATE &SESSION",,
"",,,L,P,U,,,,,,
1112,BIO F211,BIOLOGICAL CHEMISTRY,-,-,3,L1,MEGHANA TARE,6109,T Th  4  W  10,,17/12 FN
"",,Tutorial,,,,T1,Meghana Tare,6105,M  1,,
1114,BIO F212,MICROBIOLOGY,-,-,4,L1,PRABHAT NATH JHA,6109,M  10  T Th  3,,28/12 FN
"",,,,,,,Sandhya Amol Marathe,,,,
"",,Practical,,,,P1,Sukriti Gujarati(RS),,Th  7 8,,
"",,,,,,,"Kushwaha Simran KrishnakantSeema(RS)",,,,
"",,,,,,,Palak Sangal(RS),,,,
"",,,,,,,Shreya Bhatnagar(RS),,,,
"",,,,,,P2,Divya Malik(RS),,Th  7 8,,
"",,,,,,,"Kushwaha Simran KrishnakantSeema(RS)",,,,
"",,,,,,,Palak Sangal(RS),,,,
"",,,,,,,Sampreeti Tahbildar(RS),,,,
"",,,,,,,Katakia Yash Tushar(RS),,,,
1113,BIO F213,CELL BIOLOGY,-,-,3,L1,SHILPI GARG,6155,M W F  9,,13/12 FN
"",,,,,,,Balakumaran Chandrasekar,,,,
"",,Tutorial,,,,T1,Shilpi Garg,6105,Th  1,,
"",,,,,,,Balakumaran Chandrasekar,,,,
1115,BIO F214,INTEGRATED BIOLOGY,-,-,3,L1,PANKAJ KUMAR SHARMA,6109,M W F  3,,22/12 FN
"",,Tutorial,,,,T1,Pankaj Kumar Sharma,6105,F  1,,
1430,BIO F242,INTRO TO BIOINFORMATICS,-,-,3,L1,SHIBASISH CHOWDHURY,,T Th  4  W  10,,17/12 FN
"",,Tutorial,,,,T1,Shibasish Chowdhury,,T  9,,
1651,BIO F266,STUDY PROJECT,-,-,3,L1,P R DEEPA,,,,
1427,BIO F311,RECOMBINANT DNA TECH,-,-,3,L1,RITA SHARMA,6102,M W F  8,,24/12 FN
"",,,,,,,Ashis Kumar Das,,,,
"",,Tutorial,,,,T1,Rita Sharma,6159,F  5,,
"COMCOD",COURSE NO.,COURSE TITLE,CREDIT,SEC,INSTRUCTOR-IN-CHARGE / Instructor,ROOM,DAYS & HOURS,"COMMONHOUR","COMPREDATE &SESSION",,
"",,,L,P,U,,,,,,
1428,BIO F312,PLANT PHYSIOLOGY,-,-,3,L1,JITENDRA PANWAR,6109,M W F  4,,27/12 FN
"",,Tutorial,,,,T1,Jitendra Panwar,6159,Th  2,,
1429,BIO F313,ANIMAL PHYSIOLOGY,-,-,3,L1,SYAMANTAK MAJUMDER,6109,T Th  5  F  10,,18/12 FN
"",,,,,,,Shilpi Garg,,,,
"",,Tutorial,,,,T1,Syamantak Majumder,6156,T  2,,
"",,,,,,,Shilpi Garg,,,,
1431,BIO F341,DEVELOPMENTAL BIOLOGY,-,-,3,L1,MEGHANA TARE,,M W F  7,,23/12 FN
"",,Tutorial,,,,T1,Meghana Tare,,Th  9,,
1650,BIO F366,LABORATORY PROJECT,-,-,3,L1,P R DEEPA,,,,
1736,BIO F367,LABORATORY PROJECT,-,-,3,L1,P R DEEPA,,,,
1685,BIO F376,DESIGN PROJECT,-,-,3,L1,P R DEEPA,,,,
1752,BIO F377,DESIGN PROJECT,-,-,3,L1,P R DEEPA,,,,
1433,BIO F417,BIOMOLECULAR MODELING,-,-,3,L1,SHIBASISH CHOWDHURY,6103,M W F  7,,23/12 FN
1434,BIO F418,GENETIC ENGINEERING TECH,-,-,4,L1N,MUKUL JOSHI,,T  2,,24/12 AN
"",,Practical,,,,P1N,Mukul Joshi,,T Th  7 8,,
"",,,,,,,Sandhya Amol Marathe,,,,
"",,,,,,,Ankita Daiya(RS),,,,
"",,,,,,,Swarnima Kushwaha(RS),,,,
"",,,,,,,Smita Dey(RS),,,,
"",,,,,,,Shradha Bhatnagar(RS),,,,
1436,BIO F421,ENZYMOLOGY,-,-,3,L1,P R DEEPA,6160,M  10  T Th  3,,28/12 FN
"",,,,,,,Pankaj Kumar Sharma,,,,
1710,BIO F491,SPECIAL PROJECT,-,-,3,L1,P R DEEPA,,,,
71,BIO G512,MOLEC MECH OF GENE EXPRE,-,-,5,L1N,SANJAY KUMAR VERMA,6101,M W F  3,,22/12 AN
"",,,,,,,Meghana Tare,,,,
"COMCOD",COURSE NO.,COURSE TITLE,CREDIT,SEC,INSTRUCTOR-IN-CHARGE / Instructor,ROOM,DAYS & HOURS,"COMMONHOUR","COMPREDATE &SESSION",,
"",,,L,P,U,,,,,,
388,BIO G513,MICROBIAL FERMENT TECHNO,-,-,5,L1,SANJAY KUMAR VERMA,6102,T Th  4  W  10,,17/12 AN
"",,,,,,,Suresh Gupta,,,,
392,BIO G514,MOLECULAR IMMUNOLOGY,-,-,5,L1,ASHIS KUMAR DAS,6160,M W F  3,,22/12 AN
111,BIO G515,STEM CELL & REGENER BIO,-,-,4,L1,RAJDEEP CHOWDHURY,6102,M  10  T Th  3,,28/12 AN
2009,BIO G523,ADV & APPLIED MICROBIO,-,-,5,L1,PRABHAT NATH JHA,6101,M W F  4,,27/12 AN
"",,,,,,,Vishal Saxena,,,,
"",,,,,,,Monika Sandhu(RS),,,,
2008,BIO G524,ANIMAL CELL TECHNOLOGY,-,-,5,L1N,UMA S DUBEY,,M W F  4,,23/12 AN
"",,,,,,,Sudeshna Mukherjee,,,,
"",,Practical,,,,P1N,Monika Sandhu(RS),,M  9 10,,
"",,,,,,,Aastha Mittal(RS),,,,
"",,,,,,,Mahima Choudhary(RS),,,,
"",,,,,,,Krishna Kumar.r.(RS),,,,
192,BIO G526,CANCER BIOLOGY,-,-,5,L1,SUDESHNA MUKHERJEE,6108,T Th  4  W  10,,17/12 AN
2015,BIO G532,BIOSTATISTICS & BIOMODEL,-,-,4,L1,SHILPI GARG,1202,M W F  2,,20/12 AN
"",,,,,,,Shibasish Chowdhury,,,,
151,BIO G542,ADVANCED CELL MOLE BIO,-,-,5,L1N,VISHAL SAXENA,,T Th  5  F  10,,28/12 AN
1887,BIO G570,RECENT DEVELOPMENTS IN BIOLOGY,-,-,1,L1,SHIBASISH CHOWDHURY,,,,17/12 FN
2016,BIO G612,HUMAN GENETICS,-,-,5,L1,SUDESHNA MUKHERJEE,6159,M W F  2,,20/12 AN
1375,BIOT F424,FOOD BIOTECHNOLOGY,-,-,3,L1,UMA S DUBEY,6160,M W F  7,,23/12 FN
"",,,,,,,P R Deepa,,,,
549,BITS C790T,INDEPENDENT STUDY,-,-,1,L1,JITENDRA PANWAR,,,,
596,BITS C791T,TEACHING PRACTICE I,-,-,1,L1,JITENDRA PANWAR,,,,
520,BITS C797T,PH D SEMINAR,-,-,1,L1,JITENDRA PANWAR,,,,
553,BITS C799T,PH D THESIS,-,-,10,L1,JITENDRA PANWAR,,,,
"COMCOD",COURSE NO.,COURSE TITLE,CREDIT,SEC,INSTRUCTOR-IN-CHARGE / Instructor,ROOM,DAYS & HOURS,"COMMONHOUR","COMPREDATE &SESSION",,
"",,,L,P,U,,,,,,
857,BITS E793T,PRACTICE LECT SERIES I,-,-,1,L1,JITENDRA PANWAR,,,,
1003,BITS F110,ENGINEERING GRAPHICS,-,-,2,L1B,SAYANTAN CHAKRABORTY,6157,M  10,,14/12 AN
"",,,,,,L2N,Sayantan Chakraborty,,W  10,,29/01 AN
"",,,,,,L3N,Gaurav Watts,,M  10,,29/01 AN
"",,Practical,,,,P1B,Mukund Lahoti,,T Th  2 3,,
"",,,,,,,Shreyas Pranav(RS),,,,
"",,,,,,P2N,Shailendra Tripathi(RS),,T Th  1 2,,
"",,,,,,,Gaurav Tyagi(RS),,,,
"",,,,,,P3N,Pawar Shrikant Shankarrao(RS),,T Th  1 2,,
"",,,,,,,Shital Patil(RS),,,,
"",,,,,,P4N,Shashank B S,,T Th  1 2,,
"",,,,,,,Deepika Choudhary(RS),,,,
"",,,,,,P5N,Varun Jain(RS),,T Th  1 2,,
"",,,,,,,Vishal Singh(RS),,,,
"",,,,,,P6N,Shedge Hrishikesh Nandkumar(RS),,T Th  1 2,,
"",,,,,,,Aniruddha Tangirala(RS),,,,
"",,,,,,P7N,Mukund Lahoti,,T Th  1 2,,
"",,,,,,,Shreyas Pranav(RS),,,,
"",,,,,,P8N,Jaya Kumar Bhaskar M(RS),,T Th  1 2,,
"",,,,,,,Chetan Jalendra(RS),,,,
"",,,,,,P9N,D Sri Satya Omkar(RS),,T Th  1 2,,
"",,,,,,,Pulleti Siva Sankar(RS),,,,
1004,BITS F111,THERMODYNAMICS,-,-,3,L1B,C RANGANAYAKULU,6101,M W F  7,,23/12 FN
"",,,,,,L2N,Manojkumar Surajkaranji Soni,,M W F  3,,27/01 AN
"",,,,,,L3N,Amit Jain,,M W F  8,,27/01 AN
"COMCOD",COURSE NO.,COURSE TITLE,CREDIT,SEC,INSTRUCTOR-IN-CHARGE / Instructor,ROOM,DAYS & HOURS,"COMMONHOUR","COMPREDATE &SESSION",,
"",,,L,P,U,,,,,,
"",,,,,,L4N,Aakash Chand Rai,,T Th  5  F  10,,27/01 AN
"",,Tutorial,,,,T1B,C Ranganayakulu,6101,Th  10,,
"",,,,,,T2N,Amit Jain,,F  1,,
"",,,,,,T3N,Arkaprovo Ghosal,,F  1,,
"",,,,,,T5N,Suvanjan Bhattacharyya,,F  1,,
"",,,,,,T6N,Priya Christina Sande,,Th  8,,
"",,,,,,T7N,C Ranganayakulu,,M  1,,
"",,,,,,T8N,A R Harikrishnan,,M  1,,
"",,,,,,T10N,Amit Jain,,M  1,,
"",,,,,,T11N,Madhukar Mishra,,M  1,,
"",,,,,,T12N,Shamik Chakrabarti,,Th  8,,
"",,,,,,T14N,Ajita Neogi(RS),,F  1,,
"",,,,,,T15N,Shyam Sunder Yadav,,Th  8,,
"",,,,,,T16N,A R Harikrishnan,,Th  8,,
"",,,,,,T17N,Arkaprovo Ghosal,,Th  8,,
"",,,,,,T18N,Madhukar Mishra,,Th  8,,
"",,,,,,T19N,C Ranganayakulu,,W  1,,
"",,,,,,T20N,Suvanjan Bhattacharyya,,W  1,,
"",,,,,,T21N,Surojit Pande,,W  1,,
"",,,,,,T22N,Vivek Tiwari(RS),,W  1,,
"",,,,,,T23N,Priya Christina Sande,,W  1,,
1005,BITS F112,TECHNICAL REPORT WRITING,-,-,2,L1B,CHINTALAPALLI VIJAYAKUMAR,,T Th  8,,18/12 AN
"",,,,,,L2N,Sanjiv Kumar Choudhary,,M W  3,,25/01 AN
"",,,,,,L3N,Paul Mathew,,M W  3,,25/01 AN
"",,,,,,L4N,Kumar Bhattacharya,,M W  8,,25/01 AN
"COMCOD",COURSE NO.,COURSE TITLE,CREDIT,SEC,INSTRUCTOR-IN-CHARGE / Instructor,ROOM,DAYS & HOURS,"COMMONHOUR","COMPREDATE &SESSION",,
"",,,L,P,U,,,,,,
"",,,,,,,Abhijith V(RS),,,,
"",,,,,,,Rajitha M(RS),,,,
"",,,,,,,Swagata Ghosh(RS),,,,
"",,,,,,,Jerin V Philipose(RS),,,,
"",,,,,,,Chandni Rauniyar(RS),,,,
"",,,,,,,Navya Bahl(RS),,,,
"",,,,,,,Kirti Singh(RS),,,,
"",,,,,,,Geoffrey Bryan Fernandez(RS),,,,
"",,,,,,L5N,Devika,,M W  8,,25/01 AN
"",,,,,,L6N,Chintalapalli Vijayakumar,,T Th  5,,25/01 AN
"",,,,,,L7N,Sangeeta Sharma,,T Th  5,,25/01 AN
1858,BITS F113,GENERAL MATHEMATICS  I,-,-,3,L1N,SANGITA YADAV,,M W F  3,,24/01 AN
"",,Tutorial,,,,T1N,Sangita Yadav,,T  3,,
1892,BITS F214,SCIENCE TECH & MODERNITY,-,-,3,L1,SUNITA RAINA,6151,M W F  5,,15/12 FN
"",,,,,,,Supriya(RS),,,,
1861,BITS F218,GENERAL MATHEMATICS  III,-,-,3,L1,ASHISH TIWARI,6101,M  10  T Th  3,,28/12 FN
"",,Tutorial,,,,T1,Ashish Tiwari,6107,W  1,,
1862,BITS F219,PROCESS ENGINEERING,-,-,3,L1,JINDAL ANIL BRIJBHUSHAN,5101,M W  3,,22/12 FN
"",,Tutorial,,,,T1,Jindal Anil Brijbhushan,5101,F  3,,
"",,Practical,,,,P1,Sharma Swati Shivdayal(RS),,Th  7 8,,
"",,,,,,,Prayag Kedar Shridhar(RS),,,,
"",,,,,,,Bhide Atharva Rajendra Archana(RS),,,,
"",,,,,,P2,Sharma Swati Shivdayal(RS),,Th  7 8,,
"",,,,,,,Prayag Kedar Shridhar(RS),,,,
"",,,,,,,Bhide Atharva Rajendra Archana(RS),,,,
"COMCOD",COURSE NO.,COURSE TITLE,CREDIT,SEC,INSTRUCTOR-IN-CHARGE / Instructor,ROOM,DAYS & HOURS,"COMMONHOUR","COMPREDATE &SESSION",,
"",,,L,P,U,,,,,,
1632,BITS F225,ENVIRONMENTAL STUDIES,-,-,3,L1,MUTHUKUMAR G,5102,M W F  2,,20/12 FN
"",,,,,,,Sarbani Ghosh,,,,
"",,,,,,,Rita Sharma,,,,
"",,,,,,,Bhanu Vardhan Reddy Kuncharam,,,,
"",,,,,,,To Be Announced By Hss Dept,,,,
1334,BITS F312,NEURAL NET & FUZZY LOGIC,-,-,3,L1,BIJOY KRISHNA MUKHERJEE,1227,T Th  4  W  10,,17/12 FN
"",,,,,,,Surekha Bhanot,,,,
1335,BITS F343,FUZZY LOGIC & APPL,-,-,3,L1,SHIVI AGARWAL,1202,M W F  3,,22/12 FN
1336,BITS F364,HUMAN COMP INTERACTION,-,-,3,L1,MUKESH KUMAR ROHIL,1205,M W F  7,,23/12 FN
1791,BITS F382,READING COURSE,-,-,3,L1,SURESH GUPTA,,,,
1512,BITS F385,INTRO TO GENDER STUDIES,-,-,3,L1,MADHURIMA DAS,6152,T Th  5  F  10,,18/12 FN
"",,,,,,,Aswathy Chandragiri(RS),,,,
1592,BITS F412,PRACTICE SCHOOL II,-,-,20,L1,PS DEAN,,,,
1615,BITS F413,PRACTICE SCHOOL II,-,-,20,L1,PS DEAN,,,,
1248,BITS F415,INTRODUCTION TO MEMS,-,-,4,L1,SACHIN ULHASRAO BELGAMWAR,1234,M W F  2,,20/12 FN
1770,BITS F418,INTRO TO BIOMEDICAL ENGG,-,-,4,L1,"VENKATESH KADBUR PRABHAKARRAO",1232,M W F  3,,22/12 FN
"",,,,,,,Syamantak Majumder,,,,
1593,BITS F421T,THESIS,-,-,16,L1,SURESH GUPTA,,,,
1616,BITS F422T,THESIS,-,-,16,L1,SURESH GUPTA,,,,
1617,BITS F423T,THESIS,-,-,9,L1,SURESH GUPTA,,,,
1619,BITS F424T,THESIS,-,-,9,L1,SURESH GUPTA,,,,
2317,BITS F427,DIGITAL MARKETING,-,-,3,L1,NIRANKUSH DUTTA,6152,M W F  9,,13/12 AN
1806,BITS F431,FLEXIBLE MANUFAC SYST,-,-,4,L1N,TUFAN CHANDRA BERA,,T Th  5  F  10,,24/12 AN
2318,BITS F433,SUPPLY CHAIN ANALYTICS,-,-,4,L1,SATYENDRA KR SHARMA,6152,T Th  4  W  10,,17/12 AN
2001,BITS F437,TECHNICAL COMMUNICATION,-,-,3,L1,CHINTALAPALLI VIJAYAKUMAR,,T Th  10 11,,11/12 FN
"COMCOD",COURSE NO.,COURSE TITLE,CREDIT,SEC,INSTRUCTOR-IN-CHARGE / Instructor,ROOM,DAYS & HOURS,"COMMONHOUR","COMPREDATE &SESSION",,
"",,,L,P,U,,,,,,
"",,,,,,,Navya Bahl(RS),,,,
2433,BITS F451,AUTONOMOUS MOBILE ROBOTICS,-,-,3,L1,AVINASH GAUTAM,1203,T Th  4  W  10,,17/12 FN
"",,,,,,,Sudeept Mohan,,,,
1796,BITS F462,RENEWABLE ENERGY,-,-,3,L1,MANOJKUMAR SURAJKARANJI SONI,1219,T Th  4  W  10,,17/12 FN
1339,BITS F464,MACHINE LEARNING,-,-,3,L1,NAVNEET GOYAL,6101,M W F  9,,13/12 FN
"",,,,,,L2M,Navneet Goyal,,M W F  9,,13/12 FN
"",,Practical,,,,P1,Stuti Chug(RS),,T  10 11,,
"",,,,,,P2,Stuti Chug(RS),,T  10 11,,
1379,BITS F467,BIOETHICS & BIOSAFETY,-,-,3,L1,R MAHESH,5101,M W F  2,,20/12 FN
1797,BITS F468,NEW VENTURE CREATION,-,-,3,L1,SHAILI SINGH,5103,M W  11 12,,
1641,BITS F482,CREAT & LEAD ENTREP ORGN,-,-,3,L1,JYOTI,2204,M W F  2,,20/12 FN
1852,BITS F490,PROJECT MANAGEMENT,-,-,4,L1,RAJESH MATAI,6152,M W F  7,,23/12 AN
1804,BITS F494,ENV IMPACT ASSESSMENT,-,-,4,L1,RALLAPALLI SRINIVAS,1233,M W F  2,,20/12 FN
"",,,,,,,Srishti Gyaneshware Khare(RS),,,,
499,BITS G511,ADVANCED PROJECT,-,-,5,L1,JITENDRA PANWAR,,,,
547,BITS G513,STUDY IN ADVANCED TOPICS,-,-,5,L1,JITENDRA PANWAR,,,,
"",,,,,,L2,Jitendra Panwar,,,,
754,BITS G529,RESEARCH PROJECT I,-,-,6,L1,JITENDRA PANWAR,,,,
755,BITS G539,RESEARCH PROJECT II,-,-,6,L1,JITENDRA PANWAR,,,,
2003,BITS G540,RESEARCH PRACTICE,-,-,4,L1,JITENDRA PANWAR,,,,
9,BITS G553,REAL TIME SYSTEMS,-,-,5,L1,SAI SESHA CHALAPATHI GATTUPALLI,,M  10  T Th  3,,20/12 AN
559,BITS G560,PRACTICE SCHOOL,-,-,20,L1,PS DEAN,,,,
575,BITS G561T,DISSERTATION,-,-,16,L1,JITENDRA PANWAR,,,,
2164,BITS G562T,DISSERTATION,-,-,16,L1,JITENDRA PANWAR,,,,
2165,BITS G563T,DISSERTATION,-,-,16,L1,JITENDRA PANWAR,,,,
"COMCOD",COURSE NO.,COURSE TITLE,CREDIT,SEC,INSTRUCTOR-IN-CHARGE / Instructor,ROOM,DAYS & HOURS,"COMMONHOUR","COMPREDATE &SESSION",,
"",,,L,P,U,,,,,,
756,BITS G629T,DISSERTATION,-,-,16,L1,JITENDRA PANWAR,,,,
809,BITS G639,PRACTICE SCHOOL,-,-,20,L1,PS DEAN,,,,
757,BITS G649,READING COURSE,-,-,5,L1,JITENDRA PANWAR,,,,
"",,,,,,L2,Jitendra Panwar,,,,
2167,BITS G661,RESEARCH METHODOLOGY I,-,-,5,L1,JITENDRA PANWAR,,,,
1073,CE F211,MECHANICS OF SOLIDS,-,-,3,L1,DIPENDU BHUNIA,1233,M  10  T Th  3,,28/12 FN
"",,Tutorial,,,,T1,Dipendu Bhunia,6163,W  1,,
"",,,,,,T2,Akash Samadhiya(RS),5102,W  1,,
1075,CE F213,SURVEYING,-,-,4,L1,SHUVENDU NARAYAN PATEL,1233,T Th  4  W  10,,17/12 FN
"",,Tutorial,,,,T1,Shuvendu Narayan Patel,6152,F  1,,
"",,,,,,T2,Danish Fayaz(RS),5101,F  1,,
"",,,,,,,Patil Deshbhushan Savindra(RS),,,,
"",,Practical,,,,P1,Akash Samadhiya(RS),,Th  7 8,,
"",,,,,,,Patil Deshbhushan Savindra(RS),,,,
"",,,,,,P2,Danish Fayaz(RS),,Th  7 8,,
"",,,,,,,Rakesh  Kumar V G(RS),,,,
2279,CE F230,CIVIL ENGINEERING MATERIALS,-,-,4,L1,MUKUND LAHOTI,1233,M W F  9,,13/12 FN
"",,Tutorial,,,,T1,Mukund Lahoti,6152,M  1,,
"",,,,,,T2,Anant Mishra(RS),5101,M  1,,
"",,Practical,,,,P1,Anant Mishra(RS),,T  10 11,,
"",,,,,,,Manigandan R(RS),,,,
"",,,,,,P2,Anuj Adhikari(RS),,T  10 11,,
"",,,,,,,Shreyas Pranav(RS),,,,
2280,CE F231,FLUID MECHANICS,-,-,3,L1,SAYANTAN CHAKRABORTY,1233,M W F  3,,22/12 FN
"",,Tutorial,,,,T1,Sayantan Chakraborty,6152,Th  1,,
"COMCOD",COURSE NO.,COURSE TITLE,CREDIT,SEC,INSTRUCTOR-IN-CHARGE / Instructor,ROOM,DAYS & HOURS,"COMMONHOUR","COMPREDATE &SESSION",,
"",,,L,P,U,,,,,,
"",,,,,,,Raya Raghavendra Kumar(RS),,,,
"",,,,,,T2,Soumya Kar(RS),5101,Th  1,,
1652,CE F266,STUDY PROJECT,-,-,3,L1,ANUPAM SINGHAL,,,,
1196,CE F312,HYDRAULIC ENGINEERING,-,-,4,L1,SHIBANI KHANRA JHA,1201,M W F  5,,15/12 FN
"",,Tutorial,,,,T1,Shibani Khanra Jha,1231,Th  2,,
"",,,,,,T2,Farhan Mohammad Khan(RS),1203,Th  2,,
"",,Practical,,,,P1,Farhan Mohammad Khan(RS),,Th  10 11,,
"",,,,,,,Rupam Nandan(RS),,,,
"",,,,,,P2,Kamalesh Kumar,,T  7 8,,
"",,,,,,,Ankit Kumar(RS),,,,
1197,CE F313,FOUNDATION ENGINEERING,-,-,3,L1,RAVI KANT MITTAL,5101,M W F  4,,27/12 FN
"",,Tutorial,,,,T1,Ravi Kant Mittal,6101,Th  9,,
"",,,,,,T2,Kamalesh Kumar,6102,Th  9,,
2281,CE F320,DESIGN OF RE CONCRETE STRU,-,-,3,L1,ANSHUMAN,1223,M W F  8,,24/12 FN
"",,Tutorial,,,,T1,Anshuman,1232,T  2,,
"",,,,,,T2,Rakesh  Kumar V G(RS),1203,T  2,,
"",,,,,,,Ankit Singh Mehra(RS),,,,
2282,CE F321,ENGINEERING HYDROLOGY,-,-,3,L1,RALLAPALLI SRINIVAS,,M W F  9,,13/12 FN
1215,CE F323,INTRO TO ENVIRN ENGG,-,-,3,L1,ANUPAM SINGHAL,1227,M W F  9,,13/12 FN
"",,,,,,,Srishti Gyaneshware Khare(RS),,,,
2304,CE F325,FUNDAMENTALS OF ROCK MECHANICS,-,-,3,L1,NISHANT ROY,1231,M W F  2,,20/12 FN
1667,CE F366,LABORATORY PROJECT,-,-,3,L1,ANUPAM SINGHAL,,,,
1737,CE F367,LABORATORY PROJECT,-,-,3,L1,ANUPAM SINGHAL,,,,
1686,CE F376,DESIGN PROJECT,-,-,3,L1,ANUPAM SINGHAL,,,,
1753,CE F377,DESIGN PROJECT,-,-,3,L1,ANUPAM SINGHAL,,,,
"COMCOD",COURSE NO.,COURSE TITLE,CREDIT,SEC,INSTRUCTOR-IN-CHARGE / Instructor,ROOM,DAYS & HOURS,"COMMONHOUR","COMPREDATE &SESSION",,
"",,,L,P,U,,,,,,
1231,CE F417,APP OF AI IN CIVIL ENGG,-,-,3,L1,RAJIV GUPTA,1204,T Th  4  W  10,,17/12 FN
1221,CE F426,GEOSYN & REIN SOIL STR,-,-,3,L1,SHASHANK B S,1204,M W F  7,,23/12 FN
1228,CE F433,REMOTE SENS & IMAGE PROC,-,-,4,L1,RAJIV GUPTA,6152,M W F  3,,22/12 FN
"",,,,,,,Akshay Kumar(RS),,,,
1234,CE F435,INTRODUCTION TO FEM,-,-,3,L1,RAJESH KUMAR,1226,M W F  3,,22/12 FN
1711,CE F491,SPECIAL PROJECT,-,-,3,L1,ANUPAM SINGHAL,,,,
433,CE G515,FUNDAMENTALS OF SYS ENGG,-,-,4,L1N,RALLAPALLI SRINIVAS,1220,M  10  T Th  3,,28/12 AN
325,CE G523,TRAN SYST PLAN & MANAGE,-,-,4,L1N,SUBHASIS PRADHAN,,T Th  5  F  10,,23/12 AN
"",,,,,,,Md Rushdie Ibne Islam,,,,
950,CE G525,WATER RESOUR PLAN & MANA,-,-,4,L1N,AJIT PRATAP SINGH,,M W F  4,,27/12 AN
"",,,,,,,Ankit Kumar(RS),,,,
278,CE G527,CONSTRUCTION MANAGEMENT,-,-,4,L1N,MUTHUKUMAR G,,M W F  8,,24/12 AN
304,CE G534,PAVEMENT MATERIAL CHARAC,-,-,4,L1N,SARAH ABRAHAM,,T Th  5  F  10,,23/12 AN
931,CE G545,AIRPORT PLANNING & DES,-,-,4,L1N,MUTHUKUMAR G,5101,T W Th  7,,22/12 AN
"",,,,,,L2,Muthukumar G,,T Th  4  W  10,,27/12 AN
2024,CE G547,PAV FAIL EVAL & REHABIL,-,-,4,L1,VIJAY KAKADE,1204,M W F  4,,27/12 AN
880,CE G551,DYNAMICS OF STRUCTURES,-,-,4,L1N,MD RUSHDIE IBNE ISLAM,,M W F  4,,27/12 AN
"",,,,,,,Subhasis Pradhan,,,,
526,CE G552,ADV STR MECH & STABILITY,-,-,4,L1N,RAJESH KUMAR,,T Th  5  F  10,,23/12 AN
2337,CE G565,TRANSPORTATION PLANNING,-,-,4,L1N,DURGESH VIKRAM,,M W F  4,,27/12 AN
2339,CE G567,HIGHWAY DESIGN,-,-,4,L1N,VIJAY KAKADE,,M W F  9,,24/12 AN
2340,CE G568,TRAFFIC SYSTEMS ANALYSIS,-,-,4,L1N,DURGESH VIKRAM,,T Th  4  W  10,,28/12 AN
2341,CE G569,TRANSPORTATION ECONOMICS,-,-,4,L1,VIJAY KAKADE,5103,T Th S  2,,21/12 FN
2346,CE G574,PAVEMENT MAINTENANCE,-,-,4,L1,SARAH ABRAHAM,1204,M W F  8,,24/12 AN
345,CE G612,ADVANCED STEEL STRUCTURE,-,-,4,L1,SHAMSHER BAHADUR SINGH,6155,M W F  2,,22/12 AN
"COMCOD",COURSE NO.,COURSE TITLE,CREDIT,SEC,INSTRUCTOR-IN-CHARGE / Instructor,ROOM,DAYS & HOURS,"COMMONHOUR","COMPREDATE &SESSION",,
"",,,L,P,U,,,,,,
613,CE G614,PRESTRESS CONCRETE STRUC,-,-,4,L1,MANOJ KUMAR,1232,T Th  4  W  10,,17/12 AN
346,CE G616,BRIDGE ENGINEERING,-,-,4,L1,MANOJ KUMAR,1204,M W F  3,,23/12 AN
343,CE G617,ADVANCE STRUC ANALYSIS,-,-,4,L1N,SHAMSHER BAHADUR SINGH,1232,M  10  T Th  3,,28/12 AN
326,CE G619,FINITE ELEMENT ANALYSIS,-,-,5,L1N,SHUVENDU NARAYAN PATEL,,M W F  5,,20/12 AN
2119,CE G632,DES OF FOUN FOR DYN LOAD,-,-,4,L1,RAVI KANT MITTAL,1203,M  10  T Th  3,,28/12 AN
1069,CHE F211,CHEMICAL PROCESS CALCULA,-,-,3,L1,BANASRI ROY,1234,M  10  T Th  3,,28/12 FN
"",,Tutorial,,,,T1,Srinivas Appari,6155,W  1,,
"",,,,,,T2,Dharmesh Mishra(RS),1233,W  1,,
1072,CHE F212,FLUID MECHANICS,-,-,3,L1,SHETH PRATIK NITINCHANDRA,1234,M W F  3,,22/12 FN
"",,Tutorial,,,,T1,Sarbani Ghosh,6164,Th  1,,
"",,,,,,T2,Bhavya Tripathi(RS),6159,Th  1,,
1071,CHE F213,CHEM ENGG THERMODYNAMICS,-,-,3,L1,AJAYA KUMAR PANI,1234,T Th  4  W  10,,17/12 FN
"",,Tutorial,,,,T1,Ajaya Kumar Pani,6155,F  1,,
"",,,,,,T2,"Tanvidkar Priya ShreedattaShraddha(RS)",6159,F  1,,
1070,CHE F214,ENGINEERING CHEMISTRY,-,-,3,L1,PRADIPTA CHATTOPADHYAY,1234,M W F  9,,13/12 FN
"",,Tutorial,,,,T1,Anil Kumar Seriyala(RS),6155,M  1,,
"",,,,,,T2,Ipsita Priyadarshini(RS),6159,M  1,,
1653,CHE F266,STUDY PROJECT,-,-,3,L1,BANASRI ROY,,,,
1184,CHE F311,KINETICS & REACTOR DESIG,-,-,3,L1,SRINIVAS APPARI,1223,M W F  5,,15/12 FN
"",,Tutorial,,,,T1,Srinivas Appari,1202,Th  2,,
"",,,,,,T2,Hare Krishna Mohanta,1226,Th  2,,
1185,CHE F312,CHEMICAL ENGG LAB I,-,-,3,P1,PRADIPTA CHATTOPADHYAY,,T Th  7 8,,
"",,,,,,P2,Sarbani Ghosh,,T Th  7 8,,
1186,CHE F313,SEPARATION PROCESSES II,-,-,3,L1,"BHANU VARDHAN REDDYKUNCHARAM",1227,M W F  8,,24/12 FN
"",,Tutorial,,,,T1,Bhanu Vardhan Reddy Kuncharam,1226,T  2,,
"COMCOD",COURSE NO.,COURSE TITLE,CREDIT,SEC,INSTRUCTOR-IN-CHARGE / Instructor,ROOM,DAYS & HOURS,"COMMONHOUR","COMPREDATE &SESSION",,
"",,,L,P,U,,,,,,
"",,,,,,T2,Jonnalagedda Aditya(RS),1231,T  2,,
1187,CHE F314,PROCESS DES PRINCIPLES I,-,-,3,L1,SURESH GUPTA,1223,M W F  4,,27/12 FN
"",,Tutorial,,,,T1,Abhishek Anand(RS),6105,Th  9,,
"",,,,,,T2,Anil Kumar K(RS),,Th  9,,
"",,,,,,T3,Anil Kumar K(RS),6109,Th  9,,
1190,CHE F343,PROCESS DES PRINCIPLE II,-,-,3,L1,PRADIPTA CHATTOPADHYAY,6108,M W F  3,,22/12 FN
1668,CHE F366,LABORATORY PROJECT,-,-,3,L1,BANASRI ROY,,,,
1738,CHE F367,LABORATORY PROJECT,-,-,3,L1,BANASRI ROY,,,,
1687,CHE F376,DESIGN PROJECT,-,-,3,L1,BANASRI ROY,,,,
1754,CHE F377,DESIGN PROJECT,-,-,3,L1,BANASRI ROY,,,,
1206,CHE F411,ENVIR POLLUTION CONTROL,-,-,3,L1,ETIKA KRISHNA CHAITANYA,1226,M W F  9,,13/12 FN
1201,CHE F414,TRANSPORT PHENOMENA,-,-,3,L1,SOMAK CHATTERJEE,1204,M  10  T Th  3,,28/12 FN
1205,CHE F421,BIOCHEMICAL ENGINEERING,-,-,3,L1,SMITA RAGHUVANSHI,,T Th  4  W  10,,17/12 FN
2178,CHE F422,PETROLEUM  REFINING TECHNOLOGY,-,-,3,L1,PRIYA CHRISTINA SANDE,1203,M W F  2,,20/12 FN
2305,CHE F423,MEMBRANE SCIENCE & ENGINEERING,-,-,3,L1,SOMAK CHATTERJEE,6161,M W F  7,,23/12 FN
1209,CHE F491,SPECIAL PROJECTS,-,-,3,L1,BANASRI ROY,,,,
279,CHE G513,ENVIR MANAGEMENT SYSTEMS,-,-,5,L1N,SMITA RAGHUVANSHI,6102,M W F  3,,22/12 AN
2002,CHE G523,MATH METHODS IN CHEM ENG,-,-,5,L1N,SHETH PRATIK NITINCHANDRA,,T Th  5  F  10,,20/12 AN
2152,CHE G558,CHEM PROC OPTIMIZATION,-,-,4,L1N,HARE KRISHNA MOHANTA,,M W F  3,,24/12 AN
2032,CHE G622,ADV CHEMICAL ENGG THERMO,-,-,5,L1N,ARVIND KUMAR SHARMA,,M  10  T Th  3,,28/12 AN
1006,CHEM F110,CHEMISTRY LABORATORY,-,-,1,P1B,Bibhas Ranjan Sarkar,,M  4 5,,
"",,,,,,,Prakriti Saraf(RS),,,,
"",,,,,,P2N,Amrita Chakraborty,,T  7 8,,
"",,,,,,,Prachi Sharma(RS),,,,
"",,,,,,,Manisha(RS),,,,
"COMCOD",COURSE NO.,COURSE TITLE,CREDIT,SEC,INSTRUCTOR-IN-CHARGE / Instructor,ROOM,DAYS & HOURS,"COMMONHOUR","COMPREDATE &SESSION",,
"",,,L,P,U,,,,,,
"",,,,,,P3N,Tanmay Banerjee,,T  7 8,,
"",,,,,,,Raichure Pramod Chandrakant(RS),,,,
"",,,,,,,Sakshi(RS),,,,
"",,,,,,P4N,Bharat Kaushik(RS),,T  7 8,,
"",,,,,,,Sumit Kumar Agrawal(RS),,,,
"",,,,,,,Pragya(RS),,,,
"",,,,,,,Sushma Naharwal(RS),,,,
"",,,,,,P5N,Atul Jankiram Dolas(RS),,T  7 8,,
"",,,,,,,Nagare Yadav Kacharu(RS),,,,
"",,,,,,,Shivani Bharatkumar Thakkar(RS),,,,
"",,,,,,P6N,Divya Rathore(RS),,T  7 8,,
"",,,,,,,Neha Meena(RS),,,,
"",,,,,,,Annu(RS),,,,
"",,,,,,,Imtiyaz Ahmad Shah(RS),,,,
"",,,,,,P7N,PRASHANT UDAY MANOHAR,,T  7 8,,
"",,,,,,,Bhawani(RS),,,,
"",,,,,,,Narshimha(RS),,,,
"",,,,,,P8N,Madhushree Sarkar,,T  7 8,,
"",,,,,,,Ajeet Singh(RS),,,,
"",,,,,,,Nisha Gangwar(RS),,,,
"",,,,,,P9N,Partha Sarathi Addy,,T  7 8,,
"",,,,,,,Sonika(RS),,,,
"",,,,,,,"Prabhu Karishma GopalakrishnaSuprabha(RS)",,,,
"",,,,,,,Nandini Roy(RS),,,,
"",,,,,,P10N,Taur Prakash Pandurang(RS),,T  9 10,,
"COMCOD",COURSE NO.,COURSE TITLE,CREDIT,SEC,INSTRUCTOR-IN-CHARGE / Instructor,ROOM,DAYS & HOURS,"COMMONHOUR","COMPREDATE &SESSION",,
"",,,L,P,U,,,,,,
"",,,,,,,Nisha Gangwar(RS),,,,
"",,,,,,,Sonika(RS),,,,
"",,,,,,P11N,Divya Rathore(RS),,T  9 10,,
"",,,,,,,"Prabhu Karishma GopalakrishnaSuprabha(RS)",,,,
"",,,,,,,Soumana Joarder(RS),,,,
"",,,,,,,Narshimha(RS),,,,
"",,,,,,P12N,Mamta(RS),,T  9 10,,
"",,,,,,,Prakriti Saraf(RS),,,,
"",,,,,,,Nandini Roy(RS),,,,
"",,,,,,,Prachi Sharma(RS),,,,
"",,,,,,P13N,Pragya(RS),,T  9 10,,
"",,,,,,,Bhawani(RS),,,,
"",,,,,,,Anuvasita Parikh(RS),,,,
"",,,,,,P14N,Neha Meena(RS),,T  9 10,,
"",,,,,,,Nagare Yadav Kacharu(RS),,,,
"",,,,,,,Sushma Naharwal(RS),,,,
"",,,,,,P15N,Prashant Uday Manohar,,T  9 10,,
"",,,,,,,Manisha(RS),,,,
"",,,,,,,Aarzoo(RS),,,,
"",,,,,,P16N,Bharti Khungar,,T  9 10,,
"",,,,,,,Ajeet Singh(RS),,,,
"",,,,,,,Imtiyaz Ahmad Shah(RS),,,,
"",,,,,,P17N,Mrinmoyee Basu,,T  9 10,,
"",,,,,,,Bharat Kaushik(RS),,,,
"",,,,,,,Prakash Navnath Swami(RS),,,,
"COMCOD",COURSE NO.,COURSE TITLE,CREDIT,SEC,INSTRUCTOR-IN-CHARGE / Instructor,ROOM,DAYS & HOURS,"COMMONHOUR","COMPREDATE &SESSION",,
"",,,L,P,U,,,,,,
"",,,,,,P18N,Tanmay Banerjee,,Th  9 10,,
"",,,,,,,Soumana Joarder(RS),,,,
"",,,,,,,Aarzoo(RS),,,,
"",,,,,,P19N,Mamta(RS),,Th  9 10,,
"",,,,,,,Ajeet Singh(RS),,,,
"",,,,,,,Shivani Bharatkumar Thakkar(RS),,,,
"",,,,,,P20N,Taur Prakash Pandurang(RS),,Th  9 10,,
"",,,,,,,Raichure Pramod Chandrakant(RS),,,,
"",,,,,,,Anuvasita Parikh(RS),,,,
"",,,,,,,Ajeet Singh(RS),,,,
"",,,,,,P21N,Dalip Kumar,,Th  9 10,,
"",,,,,,,Prakash Navnath Swami(RS),,,,
"",,,,,,,Sakshi(RS),,,,
"",,,,,,P22N,Bharti Khungar,,Th  9 10,,
"",,,,,,,Sumit Kumar Agrawal(RS),,,,
"",,,,,,,Atul Jankiram Dolas(RS),,,,
"",,,,,,P23N,Indresh Kumar,,Th  9 10,,
"",,,,,,,Neha Meena(RS),,,,
"",,,,,,,Annu(RS),,,,
1007,CHEM F111,GENERAL CHEMISTRY,-,-,3,L1N,AJAY KUMAR SAH,,M W F  2,,21/01 AN
"",,,,,,,Rajeev Sakhuja,,,,
"",,,,,,,Paritosh Shukla,,,,
"",,,,,,L2N,Ajay Kumar Sah,,M W F  9,,21/01 AN
"",,,,,,,Rajeev Sakhuja,,,,
"",,,,,,,Paritosh Shukla,,,,
"COMCOD",COURSE NO.,COURSE TITLE,CREDIT,SEC,INSTRUCTOR-IN-CHARGE / Instructor,ROOM,DAYS & HOURS,"COMMONHOUR","COMPREDATE &SESSION",,
"",,,L,P,U,,,,,,
"",,Tutorial,,,,T1N,Madhushree Sarkar,,F  4,,
"",,,,,,T2N,Surojit Pande,,F  4,,
"",,,,,,T3N,Tanmay Banerjee,,M  4,,
"",,,,,,T4N,Dalip Kumar,,M  4,,
"",,,,,,T5N,Madhushree Sarkar,,M  4,,
"",,,,,,T6N,Partha Sarathi Addy,,M  4,,
"",,,,,,T7N,Ajay Kumar Sah,,Th  7,,
"",,,,,,T8N,Paritosh Shukla,,Th  7,,
"",,,,,,T9N,Dalip Kumar,,W  4,,
"",,,,,,T10N,Anil Kumar,,W  4,,
1116,CHEM F211,PHYSICAL CHEMISTRY I,-,-,3,L1,PRASHANT UDAY MANOHAR,6151,M W F  3,,22/12 FN
"",,Tutorial,,,,T1,Prashant Uday Manohar,6151,Th  9,,
1117,CHEM F212,ORGANIC CHEMISTRY I,-,-,3,L1,RAJEEV SAKHUJA,6151,M  10  T Th  3,,28/12 FN
"",,Tutorial,,,,T1,Rajeev Sakhuja,6151,W  1,,
1118,CHEM F213,PHYSICAL CHEMISTRY II,-,-,3,L1,SHAMIK CHAKRABARTI,6151,M W F  2,,20/12 FN
"",,Tutorial,,,,T1,Shamik Chakrabarti,6151,Th  1,,
1119,CHEM F214,INORGANIC CHEMISTRY I,-,-,3,L1,SAUMI RAY,6151,M W F  9,,13/12 FN
"",,Tutorial,,,,T1,Saumi Ray,6151,M  1,,
1654,CHEM F266,STUDY PROJECT,-,-,3,L1,RAM KINKAR ROY,,,,
1559,CHEM F311,ORGANIC CHEMISTRY III,-,-,3,L1,INDRESH KUMAR,6151,T Th  5  F  10,,18/12 FN
"",,Tutorial,,,,T1,Indresh Kumar,6151,T  2,,
1560,CHEM F312,PHYSICAL CHEMISTRY IV,-,-,3,L1,S C SIVASUBRAMANIAN,6151,M W F  8,,24/12 FN
"",,Tutorial,,,,T1,S C Sivasubramanian,6151,T  1,,
1558,CHEM F313,INSTRU METHODS OF ANAL,-,-,4,L1,INAMUR RAHAMAN LASKAR,6151,M W F  4,,27/12 FN
"",,Tutorial,,,,T1,Inamur Rahaman Laskar,6151,Th  2,,
"COMCOD",COURSE NO.,COURSE TITLE,CREDIT,SEC,INSTRUCTOR-IN-CHARGE / Instructor,ROOM,DAYS & HOURS,"COMMONHOUR","COMPREDATE &SESSION",,
"",,,L,P,U,,,,,,
"",,Practical,,,,P1,Inamur Rahaman Laskar,,T  7 8,,
"",,,,,,,Saumi Ray,,,,
"",,,,,,,Ram Kinkar Roy,,,,
"",,,,,,,Surojit Pande,,,,
"",,,,,,,Priyanka Kumari Prasad,,,,
"",,,,,,,Vishakha(RS),,,,
"",,,,,,,Gurpreet Kaur(RS),,,,
"",,,,,,,Aishwarya Ramesh(RS),,,,
"",,,,,,,Nidhi(RS),,,,
"",,,,,,,Narendra Dinkar Kharat(RS),,,,
"",,,,,,,Dhritabrata Pal(RS),,,,
"",,,,,,,Mamta Devi Sharma(RS),,,,
1570,CHEM F323,BIOPHYSICAL CHEMISTRY,-,-,3,L1,BHARTI KHUNGAR,,M W F  9,,13/12 FN
1577,CHEM F327,ELECTROCHEM FUNDA & APPL,-,-,3,L1,MRINMOYEE BASU,6104,M W F  3,,22/12 FN
1583,CHEM F333,CHEMISTRY OF MATERIALS,-,-,3,L1,MADHUSHREE SARKAR,1231,M W F  7,,23/12 FN
1585,CHEM F335,ORGANIC CHEM & DRUG DES,-,-,3,L1,PARITOSH SHUKLA,6108,M  10  T Th  3,,28/12 FN
1587,CHEM F337,GREEN CHEM & CATALYSIS,-,-,3,L1,BIBHAS RANJAN SARKAR,1231,T Th  4  W  10,,17/12 FN
1669,CHEM F366,LABORATORY PROJECT,-,-,3,L1,RAM KINKAR ROY,,,,
1739,CHEM F367,LABORATORY PROJECT,-,-,3,L1,RAM KINKAR ROY,,,,
1688,CHEM F376,DESIGN PROJECT,-,-,3,L1,RAM KINKAR ROY,,,,
1755,CHEM F377,DESIGN PROJECT,-,-,3,L1,RAM KINKAR ROY,,,,
1574,CHEM F422,STATISTICAL THERMODYNAM,-,-,3,L1,S C SIVASUBRAMANIAN,1219,M W F  2,,20/12 FN
1713,CHEM F491,SPECIAL PROJECT,-,-,3,L1,RAM KINKAR ROY,,,,
736,CHEM G551,ADV ORGANIC CHEMISTRY,-,-,5,L1,ANIL KUMAR,6156,M W F  3,,22/12 AN
937,CHEM G553,ADV PHYSICAL CHEMISTRY,-,-,5,L1,RAM KINKAR ROY,1232,M W F  9,,11/12 FN
"COMCOD",COURSE NO.,COURSE TITLE,CREDIT,SEC,INSTRUCTOR-IN-CHARGE / Instructor,ROOM,DAYS & HOURS,"COMMONHOUR","COMPREDATE &SESSION",,
"",,,L,P,U,,,,,,
1008,CS F111,COMPUTER PROGRAMMING,-,-,4,L1B,AMITESH SINGH RAJPUT,6151,T Th S  6,,23/12 AN
"",,,,,,L2N,Jagat Sesh Challa,,M W F  2,,31/01 AN
"",,,,,,,L Rajya Lakshmi,,,,
"",,,,,,L3N,Amitesh Singh Rajput,,M W F  9,,31/01 AN
"",,,,,,,Pratik Narang,,,,
"",,Practical,,,,P1B,Sakshi(RS),,Th  10 11,,
"",,,,,,P2N,Nitish Yadav(RS),,T  1 2,,
"",,,,,,P3N,Pediredla Praveen Kumar(RS),,T  1 2,,
"",,,,,,P4N,Ankit Soni(RS),,T  1 2,,
"",,,,,,P5N,Abhishek Vyas(RS),,T  1 2,,
"",,,,,,P6N,Neha Choudhary(RS),,T  1 2,,
"",,,,,,P7N,Vijay Kumari(RS),,T  1 2,,
"",,,,,,P8N,Vijay Kumari(RS),,Th  1 2,,
"",,,,,,P9N,Nitish Yadav(RS),,Th  1 2,,
"",,,,,,P10N,Pediredla Praveen Kumar(RS),,Th  1 2,,
"",,,,,,P11N,Ankit Soni(RS),,Th  1 2,,
"",,,,,,P12N,Abhishek Vyas(RS),,Th  1 2,,
"",,,,,,P13N,Neha Choudhary(RS),,Th  1 2,,
1092,CS F213,OBJECT ORIENTED PROG,-,-,4,L1,AMIT DUA,5102,M  10  T Th  3,,28/12 FN
"",,,,,,,Amitesh Singh Rajput,,,,
"",,Practical,,,,P1,Ashish Verma(RS),,Th  7 8,,
"",,,,,,P2,Ashish Verma(RS),,T  10 11,,
"",,,,,,P3,Geetika(RS),,T  10 11,,
"",,,,,,P4,Geetika(RS),,Th  7 8,,
"",,,,,,P5,Shail Saharan(RS),,Th  10 11,,
"COMCOD",COURSE NO.,COURSE TITLE,CREDIT,SEC,INSTRUCTOR-IN-CHARGE / Instructor,ROOM,DAYS & HOURS,"COMMONHOUR","COMPREDATE &SESSION",,
"",,,L,P,U,,,,,,
"",,,,,,P6,Shail Saharan(RS),,Th  7 8,,
1090,CS F214,LOGIC IN COMPUTER SC,-,-,3,L1,JAGAT SESH CHALLA,5102,M W F  9,,13/12 FN
"",,,,,,,Rajesh Kumar,,,,
"",,Tutorial,,,,T1,Jagat Sesh Challa,5102,Th  1,,
"",,,,,,T2,Oshin Rawlley(RS),,Th  1,,
"",,,,,,T3,Oshin Rawlley(RS),1234,Th  1,,
"",,,,,,T4,Ravi Kant(RS),,Th  1,,
"",,,,,,T5,Ravi Kant(RS),1233,Th  1,,
1093,CS F215,DIGITAL DESIGN,-,-,4,L1,PAWAN KAMALKISHOR AJMERA,5102,M W F  3,,22/12 FN
"",,,,,,L2,Sai Sesha Chalapathi Gattupalli,5105,M W F  3,,22/12 FN
"",,Tutorial,,,,T1,Aditya Raw Gautam,5102,M  1,,
"",,,,,,T2,Devesh Samaiya,5105,M  1,,
"",,,,,,T3,Pawan Kamalkishor Ajmera,1233,M  1,,
"",,,,,,T4,Nitin Chaturvedi,6101,M  1,,
"",,,,,,T5,Shishir Maheshwari,6102,M  1,,
"",,,,,,T6,Sandeep Joshi,1234,M  1,,
"",,,,,,T7,Ankush Chandrakant Jahagirdar,1202,M  1,,
"",,,,,,T8,Arnab Hazra,1204,M  1,,
"",,Practical,,,,P1,Sambhavi Shukla(RS),,T  10 11,,
"",,,,,,,Radha Bhardwaj(RS),,,,
"",,,,,,P2,Arushi(RS),,T  10 11,,
"",,,,,,,Poonam Poonia(RS),,,,
"",,,,,,P3,Punit Khatri(RS),,T  10 11,,
"",,,,,,,Sayyida Beegam K(RS),,,,
"",,,,,,P4,Buddhi Prakash Sharma(RS),,T  10 11,,
"COMCOD",COURSE NO.,COURSE TITLE,CREDIT,SEC,INSTRUCTOR-IN-CHARGE / Instructor,ROOM,DAYS & HOURS,"COMMONHOUR","COMPREDATE &SESSION",,
"",,,L,P,U,,,,,,
"",,,,,,,Bhupender Kaushal(RS),,,,
"",,,,,,P5,Arushi(RS),,Th  7 8,,
"",,,,,,,Ankita Dixit(RS),,,,
"",,,,,,P6,Sambhavi Shukla(RS),,Th  7 8,,
"",,,,,,,Radha Bhardwaj(RS),,,,
"",,,,,,P7,Punit Khatri(RS),,Th  7 8,,
"",,,,,,,To Be Announced By Eee Dept,,,,
1091,CS F222,DISCR STRUC FOR COMP SCI,-,-,3,L1,ASHUTOSH BHATIA,5102,T Th  4  W  10,,17/12 FN
"",,,,,,,Sundaresan Raman,,,,
"",,Tutorial,,,,T1,Ashutosh Bhatia,5102,F  1,,
"",,,,,,T2,Sundaresan Raman,6101,F  1,,
"",,,,,,T3,Jaya Pathak(RS),1234,F  1,,
"",,,,,,T4,Jaya Pathak(RS),,F  1,,
"",,,,,,T5,Ankit Agrawal(RS),1233,F  1,,
"",,,,,,T6,Ankit Agrawal(RS),,F  1,,
1655,CS F266,STUDY PROJECT,-,-,3,L1,SUDEEPT MOHAN,,,,
1316,CS F301,PRINCIPLES OF PROGG LANG,-,-,2,L1,VANDANA AGARWAL,5105,M W  8,,24/12 FN
"",,,,,,,Amit Dua,,,,
"",,Tutorial,,,,T1,Amit Dua,5105,F  8,,
"",,,,,,T2,Vandana Agarwal,1231,F  8,,
"",,,,,,T3,Syed Sameen Ahmad Rizvi(RS),1226,F  8,,
"",,,,,,T4,Syed Sameen Ahmad Rizvi(RS),,F  8,,
2266,CS F320,FOUNDATIONS OF DATA SCIENCE,-,-,3,L1,NAVNEET GOYAL,1226,M W F  2,,20/12 FN
"",,,,,,L2M,Navneet Goyal,,M W F  2,,20/12 FN
"",,Practical,,,,P1,Ayushi Gaur(RS),,Th  7 8,,
"COMCOD",COURSE NO.,COURSE TITLE,CREDIT,SEC,INSTRUCTOR-IN-CHARGE / Instructor,ROOM,DAYS & HOURS,"COMMONHOUR","COMPREDATE &SESSION",,
"",,,L,P,U,,,,,,
"",,,,,,P2,Ayushi Gaur(RS),,T  10 11,,
1317,CS F342,COMPUTER ARCHITECTURE,-,-,4,L1,SUDEEPT MOHAN,5105,M W F  4,,27/12 FN
"",,,,,,L2,Janardan Prasad Misra,5106,M W F  4,,27/12 FN
"",,Practical,,,,P1,J. Jennifer Ranjani,,T  10 11,,
"",,,,,,P2,Karri Babu Ravi Teja,,T  10 11,,
"",,,,,,P3,Upendra Singh(RS),,T  10 11,,
"",,,,,,P4,J. Jennifer Ranjani,,T  7 8,,
"",,,,,,P5,Karri Babu Ravi Teja,,T  7 8,,
"",,,,,,P6,Upendra Singh(RS),,T  7 8,,
1314,CS F351,THEORY OF COMPUTATION,-,-,3,L1,VISHAL GUPTA,5102,M W F  5,,15/12 FN
"",,,,,,,Shashank Gupta,,,,
"",,Tutorial,,,,T1,Vinti Agarwal,1227,Th  9,,
"",,,,,,T2,Vinti Agarwal,,Th  9,,
"",,,,,,T3,Ati Garg(RS),1201,Th  9,,
"",,,,,,T4,Ati Garg(RS),,Th  9,,
"",,,,,,T5,Shashank Gupta,1231,Th  9,,
1670,CS F366,LABORATORY PROJECT,-,-,3,L1,SUDEEPT MOHAN,,,,
1740,CS F367,LABORATORY PROJECT,-,-,3,L1,SUDEEPT MOHAN,,,,
1315,CS F372,OPERATING SYSTEMS,-,-,3,L1,JANARDAN PRASAD MISRA,5105,T Th  5  F  10,,18/12 FN
"",,Tutorial,,,,T1,Rubal Sagwal(RS),1223,T  2,,
"",,,,,,T2,"Adapa Dharmateja KaliprasadHemasri(RS)",1201,T  2,,
"",,,,,,T3,"Adapa Dharmateja KaliprasadHemasri(RS)",,T  2,,
"",,,,,,T4,Yemineni Ashok(RS),1227,T  2,,
"",,,,,,T5,Yemineni Ashok(RS),,T  2,,
1689,CS F376,DESIGN PROJECT,-,-,3,L1,SUDEEPT MOHAN,,,,
"COMCOD",COURSE NO.,COURSE TITLE,CREDIT,SEC,INSTRUCTOR-IN-CHARGE / Instructor,ROOM,DAYS & HOURS,"COMMONHOUR","COMPREDATE &SESSION",,
"",,,L,P,U,,,,,,
1756,CS F377,DESIGN PROJECT,-,-,3,L1,SUDEEPT MOHAN,,,,
1333,CS F407,ARTIFICIAL INTELLIGENCE,-,-,3,L1,VISHAL GUPTA,1201,T Th  4  W  10,,17/12 FN
"",,,,,,L2M,Vishal Gupta,,T Th  4  W  10,,17/12 FN
1322,CS F415,DATA MINING,-,-,3,L1N,POONAM GOYAL,,T Th  5  F  10,,22/12 AN
"",,Practical,,,,P1N,Arshveer Kaur(RS),,T  7 8,,
"",,,,,,P2N,Arshveer Kaur(RS),,T  7 8,,
2440,CS F425,DEEP LEARNING,-,-,3,L1,KAMLESH TIWARI,6152,M W F  2,,20/12 FN
"",,,,,,,Yashvardhan Sharma,,,,
2441,CS F426,GRAPH MINING,-,-,4,L1,VINTI AGARWAL,6104,M  10  T Th  3,,11/12 FN
"",,Practical,,,,P1,Aditya Sharma(RS),,Th  7 8,,
2432,CS F451,COMBINATORIAL MATHEMATICS,-,-,3,L1,KRISHNENDRA SHEKHAWAT,5106,M W F  2,,20/12 FN
1714,CS F491,SPECIAL PROJECT,-,-,3,L1,SUDEEPT MOHAN,,,,
2450,CS G518,INTERNET OF THINGS: DESIGN AND,-,-,4,L1,ASHUTOSH BHATIA,6102,M W F  7,,23/12 AN
"",,Practical,,,,P1,Shreeram Hudda(RS),,T  10 11,,
2451,CS G519,SOCIAL MEDIA ANALYTICS,-,-,4,L1,POONAM GOYAL,1233,M W F  8,,24/12 AN
2004,CS G525,ADV COMPUTER NETWORKS,-,-,5,L1N,VIRENDRA SINGH SHEKHAWAT,,M W F  3,,22/12 FN
2005,CS G526,ADV ALGO & COMPLEXITY,-,-,5,L1N,ABHISHEK MISHRA,,M W F  5,,21/12 AN
2108,CS G527,CLOUD COMPUTING,-,-,5,L1,HARIBABU K,6160,T  9  T Th  1,,14/12 AN
918,CS G553,RECONFIGURABLE COMPUTING,-,-,5,L1N,KARRI BABU RAVI TEJA,,M W F  9,,23/12 AN
782,CS G623,ADVANCED OPERAT SYSTEMS,-,-,5,L1N,AVINASH GAUTAM,,M W F  8,,24/12 AN
445,DE G513,TRIBOLOGY,-,-,5,L1,ARUN KUMAR JALAN,6102,M W F  9,,13/12 AN
436,DE G514,FRACTURE MECHANICS,-,-,5,L1,MURALI PALLA,,M  10  T Th  3,,28/12 AN
362,DE G531,PRODUCT DESIGN,-,-,5,L1,KULDIP SINGH SANGWAN,6159,M  10  T Th  3,,28/12 AN
678,DE G611,DYNAMICS & VIBRATION,-,-,5,L1,"VENKATESH KADBUR PRABHAKARRAO",6101,T Th  4  W  10,,17/12 AN
625,DE G631,MATERIALS TECH & TESTING,-,-,5,L1N,SHARAD SHRIVASTAVA,,M W F  4,,27/12 AN
"COMCOD",COURSE NO.,COURSE TITLE,CREDIT,SEC,INSTRUCTOR-IN-CHARGE / Instructor,ROOM,DAYS & HOURS,"COMMONHOUR","COMPREDATE &SESSION",,
"",,,L,P,U,,,,,,
1023,ECON F211,PRINCIPLES OF ECONOMICS,-,-,3,L1,ARUN KUMAR GIRI,6163,M W F  9,,13/12 FN
"",,,,,,,Balabrushna Padhi,,,,
"",,Tutorial,,,,T1,Arun Kumar Giri,6163,M  1,,
"",,,,,,,Balabrushna Padhi,,,,
1120,ECON F212,FUNDA OF FIN AND ACCOUNT,-,-,3,L1,Rajan Pandey,6163,M  10  T Th  3,,28/12 AN
"",,,,,,L2,KRISHNA M,1234,M W F  8,,28/12 AN
"",,,,,,L3M,Rajan Pandey,,M  10  T Th  3,,28/12 AN
"",,Tutorial,,,,T1,Rajan Pandey,1233,Th  6,,
"",,,,,,T2,Krishna M,6163,Th  6,,
1121,ECON F213,MATHEMATIC & STAT METHOD,-,-,3,L1,RAHUL ARORA,6163,T Th  4  W  10,,17/12 FN
"",,Tutorial,,,,T1,Rahul Arora,6163,F  1,,
1145,ECON F214,ECONOMIC ENV OF BUSINESS,-,-,3,L1,BALABRUSHNA PADHI,6163,M W F  3,,22/12 FN
"",,Tutorial,,,,T1,Balabrushna Padhi,6163,Th  1,,
1656,ECON F266,STUDY PROJECT,-,-,3,L1,ARUN KUMAR GIRI,,,,
1446,ECON F311,INTERNATIONAL ECONOMICS,-,-,3,L1,GEETILAXMI MOHAPATRA,6152,M W F  5,,15/12 FN
"",,Tutorial,,,,T1,Geetilaxmi Mohapatra,6152,Th  2,,
1447,ECON F312,MONEY BANK & FIN MARKETS,-,-,3,L1,ARUN KUMAR GIRI,6152,M W F  4,,27/12 FN
"",,,,,,L2M,Arun Kumar Giri,,M W F  4,,27/12 FN
"",,Tutorial,,,,T1,Arun Kumar Giri,6152,Th  9,,
1448,ECON F313,ISSUES IN ECONOMIC DEV,-,-,3,L1,MURALIDHAR RAO N V,6152,M W F  8,,24/12 FN
"",,Tutorial,,,,T1,Muralidhar Rao N V,6152,T  2,,
1773,ECON F314,INDUSTRIAL ECONOMICS,-,-,3,L1,RAHUL ARORA,6107,M W F  7,,23/12 FN
1565,ECON F354,DERIVATIVES & RISK MGMT,-,-,3,L1,RAJAN PANDEY,1232,M W F  7,,23/12 FN
"",,,,,,,Debata Byomakesh,,,,
1547,ECON F355,BUSS ANAL & VALUATION,-,-,3,L1,SAURABH CHADHA,1227,M W F  3,,22/12 AN
"COMCOD",COURSE NO.,COURSE TITLE,CREDIT,SEC,INSTRUCTOR-IN-CHARGE / Instructor,ROOM,DAYS & HOURS,"COMMONHOUR","COMPREDATE &SESSION",,
"",,,L,P,U,,,,,,
"",,,,,,,Ritika Bhatia (nee Ritika Khanna)(RS),,,,
"",,,,,,L2M,Saurabh Chadha,,M W F  3,,22/12 AN
"",,,,,,,Ritika Bhatia (nee Ritika Khanna)(RS),,,,
1684,ECON F366,LABORATORY PROJECT,-,-,3,L1,ARUN KUMAR GIRI,,,,
1741,ECON F367,LABORATORY PROJECT,-,-,3,L1,ARUN KUMAR GIRI,,,,
1690,ECON F376,DESIGN PROJECT,-,-,3,L1,ARUN KUMAR GIRI,,,,
1757,ECON F377,DESIGN PROJECT,-,-,3,L1,ARUN KUMAR GIRI,,,,
1566,ECON F412,SECUR ANAL & PORTFOL MGT,-,-,3,L1,ARYA KUMAR,5101,T Th  4  W  10,,17/12 FN
1552,ECON F414,CREAT & LEAD ENTREP ORGN,-,-,3,L1,JYOTI,2204,M W F  2,,20/12 FN
1553,ECON F415,NEW VENTURE CREATION,-,-,3,L1,SHAILI SINGH,5103,M W  11 12,,
1925,ECON F417,RISK MANAGEMENT AND INSURA,-,-,3,L1,MURALIDHAR RAO N V,1220,M W F  2,,20/12 FN
1875,ECON F435,MARKETING RESEARCH,-,-,3,L1,ACHINT NIGAM,6157,T Th  4  W  10,,17/12 FN
1568,ECON F471,RESOURCES & ENVIR ECON,-,-,3,L1,GEETILAXMI MOHAPATRA,6158,T Th  4  W  10,,17/12 FN
1726,ECON F491,SPECIAL PROJECT,-,-,3,L1,ARUN KUMAR GIRI,,,,
1009,EEE F111,ELECTRICAL SCIENCES,-,-,3,L1B,HITESH DATT MATHUR,6163,T  10  Th  9,,24/12 AN
"",,,,,,L1N,Dheerendra Singh,,M W F  3,,31/01 AN
"",,,,,,L2N,Rajneesh Kumar,,M W F  8,,31/01 AN
"",,,,,,L3N,Abhijit Rameshwar Asati,,T Th  5  F  10,,31/01 AN
"",,Tutorial,,,,T1B,Hitesh Datt Mathur,,Th  1,,
"",,,,,,T1N,Sandeep Joshi,,F  1,,
"",,,,,,T2N,Harshavardhan S,,F  1,,
"",,,,,,T3N,Karunesh Kr Gupta,,F  1,,
"",,,,,,T4N,Puneet Mishra,,M  1,,
"",,,,,,T5N,Bijoy Krishna Mukherjee,,M  1,,
"",,,,,,T6N,Pawan Kamalkishor Ajmera,,Th  8,,
"COMCOD",COURSE NO.,COURSE TITLE,CREDIT,SEC,INSTRUCTOR-IN-CHARGE / Instructor,ROOM,DAYS & HOURS,"COMMONHOUR","COMPREDATE &SESSION",,
"",,,L,P,U,,,,,,
"",,,,,,T7N,Aditya Raw Gautam,,Th  8,,
"",,,,,,T8N,Yenuganti Sujan,,Th  8,,
"",,,,,,T9N,Hitesh Datt Mathur,,Th  8,,
"",,,,,,T10N,Ankush Chandrakant Jahagirdar,,W  1,,
1077,EEE F211,ELECTRICAL MACHINES,-,-,4,L1,HARI OM BANSAL,5105,M  10  T Th  3,,28/12 FN
"",,,,,,L2,Ashish Patel,5101,M  10  T Th  3,,
"",,Tutorial,,,,T1,Aditya Raw Gautam,5105,W  1,,
"",,,,,,T2,Dheerendra Singh,5101,W  1,,
"",,,,,,T3,Hari Om Bansal,6101,W  1,,
"",,,,,,T4,Ashish Patel,6102,W  1,,
"",,,,,,T5,Rajneesh Kumar,1234,W  1,,
"",,,,,,T6,Hitesh Datt Mathur,6152,W  1,,
"",,Practical,,,,P1,Akhilesh Kumar Mishra(RS),,T  10 11,,
"",,,,,,,Somesh Krishna Thanvi(RS),,,,
"",,,,,,P2,Pavitra Sharma(RS),,T  10 11,,
"",,,,,,,Preeti Sharma(RS),,,,
"",,,,,,P3,Sisir Kumar Yadav(RS),,T  10 11,,
"",,,,,,,Krishna Kumar Saini(RS),,,,
"",,,,,,P4,Pavitra Sharma(RS),,Th  10 11,,
"",,,,,,,Sisir Kumar Yadav(RS),,,,
"",,,,,,P5,Akhilesh Kumar Mishra(RS),,Th  7 8,,
"",,,,,,,Somesh Krishna Thanvi(RS),,,,
"",,,,,,P6,Krishna Kumar Saini(RS),,Th  7 8,,
"",,,,,,,Preeti Sharma(RS),,,,
1078,EEE F212,ELECTROMAGNETIC THEO,-,-,3,L1,PANKAJ ARORA,5105,T Th  4  W  10,,17/12 FN
"COMCOD",COURSE NO.,COURSE TITLE,CREDIT,SEC,INSTRUCTOR-IN-CHARGE / Instructor,ROOM,DAYS & HOURS,"COMMONHOUR","COMPREDATE &SESSION",,
"",,,L,P,U,,,,,,
"",,Tutorial,,,,T1,Ashish Patel,5105,F  1,,
"",,,,,,T2,Syed Mohammad Zafaruddin,6102,F  1,,
"",,,,,,T3,Sharda Tripathi,1202,F  1,,
"",,,,,,T4,Pankaj Arora,1226,F  1,,
"",,,,,,T5,Ankush Chandrakant Jahagirdar,1231,F  1,,
1080,EEE F214,ELECTRONIC DEVICES,-,-,3,L1,NAVNEET GUPTA,5105,M W F  9,,13/12 FN
"",,Tutorial,,,,T1,Arnab Hazra,5105,Th  1,,
"",,,,,,T2,Karri Babu Ravi Teja,6155,Th  1,,
"",,,,,,T3,Pankaj Arora,6156,Th  1,,
"",,,,,,T4,Satyendra Kumar Mourya,6101,Th  1,,
"",,,,,,T5,Samatha Benedict,6102,Th  1,,
"",,,,,,T6,Rahul Kumar,1202,Th  1,,
1079,EEE F215,DIGITAL DESIGN,-,-,4,L1,PAWAN KAMALKISHOR AJMERA,5102,M W F  3,,22/12 FN
"",,,,,,L2,Sai Sesha Chalapathi Gattupalli,5105,M W F  3,,22/12 FN
"",,Tutorial,,,,T1,Aditya Raw Gautam,5102,M  1,,
"",,,,,,T2,Devesh Samaiya,5105,M  1,,
"",,,,,,T3,Pawan Kamalkishor Ajmera,1233,M  1,,
"",,,,,,T4,Nitin Chaturvedi,6101,M  1,,
"",,,,,,T5,Shishir Maheshwari,6102,M  1,,
"",,,,,,T6,Sandeep Joshi,1234,M  1,,
"",,,,,,T7,Ankush Chandrakant Jahagirdar,1202,M  1,,
"",,,,,,T8,Arnab Hazra,1204,M  1,,
"",,Practical,,,,P1,Sambhavi Shukla(RS),,T  10 11,,
"",,,,,,,Radha Bhardwaj(RS),,,,
"",,,,,,P2,Arushi(RS),,T  10 11,,
"COMCOD",COURSE NO.,COURSE TITLE,CREDIT,SEC,INSTRUCTOR-IN-CHARGE / Instructor,ROOM,DAYS & HOURS,"COMMONHOUR","COMPREDATE &SESSION",,
"",,,L,P,U,,,,,,
"",,,,,,,Poonam Poonia(RS),,,,
"",,,,,,P3,Punit Khatri(RS),,T  10 11,,
"",,,,,,,Sayyida Beegam K(RS),,,,
"",,,,,,P4,Buddhi Prakash Sharma(RS),,T  10 11,,
"",,,,,,,Bhupender Kaushal(RS),,,,
"",,,,,,P5,Arushi(RS),,Th  7 8,,
"",,,,,,,Ankita Dixit(RS),,,,
"",,,,,,P6,Sambhavi Shukla(RS),,Th  7 8,,
"",,,,,,,Radha Bhardwaj(RS),,,,
"",,,,,,P7,Punit Khatri(RS),,Th  7 8,,
"",,,,,,,To Be Announced By Eee Dept,,,,
1889,EEE F245,CONTROL SYSTEMS LAB,-,-,1,L1,KARUNESH KR GUPTA,,,,13/12 FN
"",,Practical,,,,P1,Karunesh Kr Gupta,,T  10 11,,
"",,,,,,,Tulsi Ram Sharma,,,,
1657,EEE F266,STUDY PROJECT,-,-,3,L1,HITESH DATT MATHUR,,,,
1242,EEE F311,COMMUNICATION SYSTEMS,-,-,4,L1,SYED MOHAMMAD ZAFARUDDIN,5102,M W F  4,,27/12 FN
"",,Tutorial,,,,T1,Harshavardhan S,1201,Th  2,,
"",,,,,,T2,Sharda Tripathi,1223,Th  2,,
"",,,,,,T3,Syed Mohammad Zafaruddin,1227,Th  2,,
"",,Practical,,,,P1,Ziyaur Rahman(RS),,Th  7 8,,
"",,,,,,,Chougule Amit Umesh(RS),,,,
"",,,,,,P2,Pranay Bhardwaj(RS),,T  10 11,,
"",,,,,,,To Be Announced By Eee Dept,,,,
"",,,,,,P3,Pranay Bhardwaj(RS),,Th  7 8,,
"",,,,,,,To Be Announced By Eee Dept,,,,
"COMCOD",COURSE NO.,COURSE TITLE,CREDIT,SEC,INSTRUCTOR-IN-CHARGE / Instructor,ROOM,DAYS & HOURS,"COMMONHOUR","COMPREDATE &SESSION",,
"",,,L,P,U,,,,,,
"",,,,,,P4,Ziyaur Rahman(RS),,T  10 11,,
"",,,,,,,Chougule Amit Umesh(RS),,,,
1243,EEE F313,ANALOG & DIGIT VLSI DES,-,-,3,L1,ANU GUPTA,5102,M W F  8,,24/12 FN
"",,,,,,L2,Samatha Benedict,5101,M W F  8,,24/12 FN
"",,Tutorial,,,,T1,Samatha Benedict,1202,Th  9,,
"",,,,,,T2,Nitin Chaturvedi,6155,Th  9,,
"",,,,,,T3,Satyendra Kumar Mourya,1203,Th  9,,
"",,,,,,T4,Rahul Kumar,1223,Th  9,,
"",,,,,,T5,Karri Babu Ravi Teja,1226,Th  9,,
1731,EEE F366,LABORATORY PROJECT,-,-,3,L1,HITESH DATT MATHUR,,,,
1742,EEE F367,LABORATORY PROJECT,-,-,3,L1,HITESH DATT MATHUR,,,,
1691,EEE F376,DESIGN PROJECT,-,-,3,L1,HITESH DATT MATHUR,,,,
1758,EEE F377,DESIGN PROJECT,-,-,3,L1,HITESH DATT MATHUR,,,,
2288,EEE F411,INTERNET OF THINGS,-,-,4,L1,VINAY CHAMOLA,1223,M W F  2,,20/12 FN
1254,EEE F422,MODERN CONTROL SYSTEMS,-,-,3,L1,BIJOY KRISHNA MUKHERJEE,6104,M W F  7,,23/12 FN
1259,EEE F426,FIBRE OPTICS & OPTOELECT,-,-,3,L1,RAHUL SINGHAL,1231,M W F  3,,22/12 FN
1256,EEE F434,DIGITAL SIGNAL PROCESS,-,-,4,L1,HARSHAVARDHAN S,1203,M W F  9,,13/12 FN
"",,Practical,,,,P1,Chougule Amit Umesh(RS),,T  1 2,,
"",,,,,,P2,Gorla Praveen(RS),,T  1 2,,
1257,EEE F435,DIGITAL IMAGE PROCESSING,-,-,3,L1,KARUNESH KR GUPTA,5101,M W F  6,,14/12 FN
1249,EEE F472,SATELLITE COMMUNICATION,-,-,3,L1,SANDEEP JOSHI,1202,M W F  7,,23/12 FN
1855,EEE F474,ANTENNA THEO AND DESIGN,-,-,4,L1,PRAVEEN KUMAR A.V.,5105,M W F  2,,20/12 FN
"",,,,,,,Navneet Gupta,,,,
"",,Practical,,,,P1,Ashish Kumar Verma(RS),,T  10 11,,
"",,,,,,,Premsai Regalla(RS),,,,
"COMCOD",COURSE NO.,COURSE TITLE,CREDIT,SEC,INSTRUCTOR-IN-CHARGE / Instructor,ROOM,DAYS & HOURS,"COMMONHOUR","COMPREDATE &SESSION",,
"",,,L,P,U,,,,,,
1716,EEE F491,SPECIAL PROJECT,-,-,3,L1,HITESH DATT MATHUR,,,,
324,EEE G512,EMBEDDED SYSTEM DESIGN,-,-,4,L1N,MEETHA V. SHENOY,,M W F  7,,27/12 AN
"",,Practical,,,,P1N,Sayyida Beegam K(RS),,T  7 8,,
"",,,,,,P2N,Sumitra(RS),,Th  7 8,,
2175,EEE G547,DEVICE DRIVERS,-,-,5,L1,DEVESH SAMAIYA,5103,M W F  5,,15/12 AN
698,EEE G581,RF & MICROWAVE ENGG,-,-,5,L1N,PRAVEEN KUMAR A.V.,,T Th  5  F  10,,22/12 AN
"",,Practical,,,,P1N,Ashish Kumar Verma(RS),,Th  9 10,,
"",,,,,,,Premsai Regalla(RS),,,,
712,EEE G591,OPTICAL COMMUNICATION,-,-,5,L1,V K CHAUBEY,1231,T Th  5  F  10,,18/12 AN
"",,Practical,,,,P1,Nagarajan Nallusamy,,T  7 8,,
1896,EEE G594,ADVANCED VLSI DEVICES,-,-,5,L1,ARNAB HAZRA,6104,M W F  9,,13/12 AN
1897,EEE G595,"NANOELECTRO AND NANOPHOTOTECH",-,-,5,L1,V K CHAUBEY,6108,M W F  7,,23/12 AN
707,EEE G612,CODING THEORY & PRACTICE,-,-,5,L1N,SAINATH BITRAGUNTA,,T Th  4  W  10,,28/12 AN
471,EEE G613,ADV DIGITAL SIGNAL PROC,-,-,5,L1,ANANTHA KRISHNA CHINTANPALLI,6103,M W F  4,,21/12 AN
921,EEE G626,HARDWARE SOFTWARE CO-DSN,-,-,4,L1,VINAY CHAMOLA,6151,T Th  4  W  10,,17/12 AN
2267,EEE G641,APPLIED ESTIMATION THEORY,-,-,5,L1,SAINATH BITRAGUNTA,6102,M W F  5,,15/12 AN
1658,FIN F266,STUDY PROJECT,-,-,3,L1,ARUN KUMAR GIRI,,,,
1539,FIN F311,DERIVATIVES & RISK MGMT,-,-,3,L1,RAJAN PANDEY,6151,M W F  7,,23/12 FN
"",,,,,,,Debata Byomakesh,,,,
"",,,,,,L2M,Rajan Pandey,,M W F  7,,23/12 FN
1545,FIN F313,SECUR ANAL & PORTFOL MGT,-,-,3,L1,ARYA KUMAR,5101,T Th  4  W  10,,17/12 FN
"",,,,,,L2M,Arya Kumar,,T Th  4  W  10,,17/12 FN
1732,FIN F366,LABORATORY PROJECT,-,-,3,L1,ARUN KUMAR GIRI,,,,
1743,FIN F367,LABORATORY PROJECT,-,-,3,L1,ARUN KUMAR GIRI,,,,
1692,FIN F376,DESIGN PROJECT,-,-,3,L1,ARUN KUMAR GIRI,,,,
"COMCOD",COURSE NO.,COURSE TITLE,CREDIT,SEC,INSTRUCTOR-IN-CHARGE / Instructor,ROOM,DAYS & HOURS,"COMMONHOUR","COMPREDATE &SESSION",,
"",,,L,P,U,,,,,,
1759,FIN F377,DESIGN PROJECT,-,-,3,L1,ARUN KUMAR GIRI,,,,
1942,FIN F414,FINANCIAL RISK ANAL AND MGMT,-,-,3,L1,DEBATA BYOMAKESH,1227,M W F  2,,20/12 FN
"",,,,,,L2M,Debata Byomakesh,,M W F  2,,20/12 FN
1717,FIN F491,SPECIAL PROJECT,-,-,3,L1,ARUN KUMAR GIRI,,,,
1130,GS F211,MOD POLITICAL CONCEPTS,-,-,3,L1,VEENA R,1233,T Th  5  F  10,,18/12 FN
"",,,,,,,Yeola Kalyani Rajendra(RS),,,,
1131,GS F212,ENVIRON DEV & CLIMATE CH,-,-,3,L1,SAILAJA NANDIGAMA,6160,M W F  4,,27/12 FN
"",,,,,,,Ruchika Sharma(RS),,,,
1132,GS F213,DEVELOPMENT THEORIES,-,-,3,L1,SAILAJA NANDIGAMA,6103,M  10  T Th  3,,28/12 FN
"",,,,,,,Anjali Punia(RS),,,,
1133,GS F221,BUSINESS COMMUNICATION,-,-,3,L1,SUSHILA RATHORE,6109,T  6  T Th  2,,21/12 FN
"",,,,,,,Sakshi Yadav(RS),,,,
1134,GS F222,LANGUAGE LAB PRACTICE,-,-,3,P1,SANJIV KUMAR CHOUDHARY,,T Th  7 8,,
"",,,,,,,Vishal Kumar(RS),,,,
1135,GS F223,INTRO TO MASS COMM,-,-,3,L1,SUSHILA RATHORE,6109,M W F  7,,23/12 FN
"",,,,,,,Sakshi Yadav(RS),,,,
1136,GS F224,PRINT & AUDIO VISU ADVER,-,-,3,L1,SANGEETA SHARMA,6109,M W F  5,,15/12 AN
"",,,,,,,Renu Kotwal(RS),,,,
"",,,,,,L2,Gajendra Singh Chauhan,6101,T  6  T Th  2,,15/12 AN
1169,GS F231,DYN OF SOCIAL CHANGE,-,-,3,L1,SUNITA RAINA,1233,T  6  T Th  2,,21/12 FN
"",,,,,,,Supriya(RS),,,,
1170,GS F232,INTRODUCTORY PSYCHOLOGY,-,-,3,L1,TANU SHUKLA,6101,T Th  5  F  10,,18/12 FN
"",,,,,,,V Mounika Prashanthi(RS),,,,
1159,GS F242,CULTURAL STUDIES,-,-,3,L1,MUHAMMED PUTHUSSERI,1201,M W F  8,,24/12 FN
"",,,,,,,Nikhil R(RS),,,,
"COMCOD",COURSE NO.,COURSE TITLE,CREDIT,SEC,INSTRUCTOR-IN-CHARGE / Instructor,ROOM,DAYS & HOURS,"COMMONHOUR","COMPREDATE &SESSION",,
"",,,L,P,U,,,,,,
1659,GS F266,STUDY PROJECT,-,-,3,L1,DEVIKA,,,,
1173,GS F311,INTRO TO CONFLICT MGMT,-,-,3,L1,MADHURIMA DAS,6102,M W F  4,,27/12 FN
"",,,,,,,Aswathy Chandragiri(RS),,,,
1174,GS F312,APPLIED PHILOSOPHY,-,-,3,L1,KUMAR NEERAJ SACHDEV,1234,T Th  5  F  10,,18/12 FN
1914,GS F313,MARXIAN THOUGHTS,-,-,3,L1,PAUL MATHEW,1201,M  10  T Th  3,,28/12 FN
"",,,,,,,Shruti Majumdar(RS),,,,
1163,GS F321,MASS MEDIA & CONTENT DES,-,-,3,L1,VIRENDRA SINGH NIRBAN,2206,M  4,,27/12 FN
"",,Practical,,,,P1,Virendra Singh Nirban,,T  7 8,,
1137,GS F322,CRITI ANAL OF LIT & CINE,-,-,3,L1,KUMAR BHATTACHARYA,1201,T Th  5  F  10,,18/12 FN
"",,,,,,,Geoffrey Bryan Fernandez(RS),,,,
1175,GS F331,TECH IN SOCIAL RESEARCH,-,-,3,L1,TANU SHUKLA,6101,M W F  5,,15/12 FN
"",,,,,,,V Mounika Prashanthi(RS),,,,
1873,GS F344,COPYWRITING,-,-,2,L1,GAJENDRA SINGH CHAUHAN,6102,M W  6,,14/12 FN
"",,,,,,,Renu Kotwal(RS),,,,
1733,GS F366,LABORATORY PROJECT,-,-,3,L1,DEVIKA,,,,
1744,GS F367,LABORATORY PROJECT,-,-,3,L1,DEVIKA,,,,
1693,GS F376,DESIGN PROJECT,-,-,3,L1,DEVIKA,,,,
1760,GS F377,DESIGN PROJECT,-,-,3,L1,DEVIKA,,,,
1718,GS F491,SPECIAL PROJECT,-,-,3,L1,DEVIKA,,,,
1596,HSS F223,APPR OF INDIAN MUSIC,-,-,3,L1,ANIL RAI,1202,M W F  8,,24/12 FN
"",,,,,,,Punita Raj(RS),,,,
1621,HSS F233,MAIN TRENDS IN IND HIST,-,-,3,L1,HARIKRISHNAN GOPINADHAN NAIR,1226,T Th  5  F  10,,18/12 FN
"",,,,,,,Merylin Das(RS),,,,
1627,HSS F235,INTRODUCTORY PHILOSOPHY,-,-,3,L1,ANUPAM YADAV,1234,T  6  T Th  2,,21/12 FN
"",,,,,,,Virosh Singh Baghel(RS),,,,
"COMCOD",COURSE NO.,COURSE TITLE,CREDIT,SEC,INSTRUCTOR-IN-CHARGE / Instructor,ROOM,DAYS & HOURS,"COMMONHOUR","COMPREDATE &SESSION",,
"",,,L,P,U,,,,,,
1628,HSS F236,SYMBOLIC LOGIC,-,-,3,L1,ANUPAM YADAV,6109,M W F  8,,24/12 FN
"",,,,,,,Virosh Singh Baghel(RS),,,,
2425,HSS F247,SOCIAL INFORMATICS,-,-,3,L1,VIRENDRA SINGH NIRBAN,1226,M  10  T Th  3,,28/12 FN
1776,HSS F266,STUDY PROJECT,-,-,3,L1,DEVIKA,,,,
1777,HSS F323,ORGANIZATIONAL PSYCHOLOGY,-,-,3,L1,RAJNEESH CHOUBISA,5105,M W F  7,,23/12 FN
"",,,,,,,Akash Dubey(RS),,,,
1155,HSS F325,CINEMATIC ADAPTATION,-,-,3,L1,DEVIKA,2204,M W F  4,,27/12 FN
"",,,,,,,Punita Raj(RS),,,,
1609,HSS F328,HUMAN RESOURCE DEVELOP,-,-,3,L1,RAJNEESH CHOUBISA,5102,T Th  5  F  10,,18/12 FN
"",,,,,,,Akash Dubey(RS),,,,
1597,HSS F329,MUSICOLOGY-AN INTRODUCTN,-,-,3,L1,ANIL RAI,6102,T  6  T Th  2,,21/12 FN
1599,HSS F334,SRIMAD BHAGAVAD GITA,-,-,3,L1,VINAY CHAMOLA,5105,M W F  5,,15/12 FN
"",,,,,,,Syamahari Das,,,,
1623,HSS F343,PROFESSIONAL ETHICS,-,-,3,L1,KUMAR NEERAJ SACHDEV,6101,M W F  6,,14/12 FN
1625,HSS F345,GANDHIAN THOUGHTS,-,-,3,L1,HARIKRISHNAN GOPINADHAN NAIR,6156,M W F  7,,23/12 FN
"",,,,,,,Deepak Kaswan(RS),,,,
1626,HSS F346,INTERNATIONAL RELATIONS,-,-,3,L1,VEENA R,1233,M W F  5,,15/12 FN
"",,,,,,,Amit Kumar(RS),,,,
2289,HSS F368,ASIAN CINEMAS AND CULTURES,-,-,3,L1,MUHAMMED PUTHUSSERI,6164,M W F  2,,20/12 FN
"",,,,,,,Chandni Rauniyar(RS),,,,
1096,INSTR F211,ELECTRICAL MACHINES,-,-,4,L1,HARI OM BANSAL,5105,M  10  T Th  3,,28/12 FN
"",,,,,,L2,Ashish Patel,5101,M  10  T Th  3,,
"",,Tutorial,,,,T1,Aditya Raw Gautam,5105,W  1,,
"",,,,,,T2,Dheerendra Singh,5101,W  1,,
"",,,,,,T3,Hari Om Bansal,6101,W  1,,
"COMCOD",COURSE NO.,COURSE TITLE,CREDIT,SEC,INSTRUCTOR-IN-CHARGE / Instructor,ROOM,DAYS & HOURS,"COMMONHOUR","COMPREDATE &SESSION",,
"",,,L,P,U,,,,,,
"",,,,,,T4,Ashish Patel,6102,W  1,,
"",,,,,,T5,Rajneesh Kumar,1234,W  1,,
"",,,,,,T6,Hitesh Datt Mathur,6152,W  1,,
"",,Practical,,,,P1,Akhilesh Kumar Mishra(RS),,Th  7 8,,
"",,,,,,,Somesh Krishna Thanvi(RS),,,,
"",,,,,,P2,Pavitra Sharma(RS),,T  10 11,,
"",,,,,,,Preeti Sharma(RS),,,,
"",,,,,,P3,Krishna Kumar Saini(RS),,T  10 11,,
"",,,,,,,Sisir Kumar Yadav(RS),,,,
"",,,,,,P4,Pavitra Sharma(RS),,Th  10 11,,
"",,,,,,,Sisir Kumar Yadav(RS),,,,
"",,,,,,P5,Somesh Krishna Thanvi(RS),,Th  7 8,,
"",,,,,,,Akhilesh Kumar Mishra(RS),,,,
"",,,,,,P6,Preeti Sharma(RS),,Th  10 11,,
"",,,,,,,Krishna Kumar Saini(RS),,,,
1097,INSTR F212,ELECTROMAGNETIC THEO,-,-,3,L1,PANKAJ ARORA,5105,T Th  4  W  10,,17/12 FN
"",,Tutorial,,,,T1,Ashish Patel,5105,F  1,,
"",,,,,,T2,Syed Mohammad Zafaruddin,6102,F  1,,
"",,,,,,T3,Sharda Tripathi,1202,F  1,,
"",,,,,,T4,Pankaj Arora,1226,F  1,,
"",,,,,,T5,Ankush Chandrakant Jahagirdar,1231,F  1,,
1099,INSTR F214,ELECTRONIC DEVICES,-,-,3,L1,NAVNEET GUPTA,5105,M W F  9,,13/12 FN
"",,Tutorial,,,,T1,Arnab Hazra,5105,Th  1,,
"",,,,,,T2,Karri Babu Ravi Teja,6155,Th  1,,
"",,,,,,T3,Pankaj Arora,6156,Th  1,,
"COMCOD",COURSE NO.,COURSE TITLE,CREDIT,SEC,INSTRUCTOR-IN-CHARGE / Instructor,ROOM,DAYS & HOURS,"COMMONHOUR","COMPREDATE &SESSION",,
"",,,L,P,U,,,,,,
"",,,,,,T4,Satyendra Kumar Mourya,6101,Th  1,,
"",,,,,,T5,Samatha Benedict,6102,Th  1,,
"",,,,,,T6,Rahul Kumar,1202,Th  1,,
1098,INSTR F215,DIGITAL DESIGN,-,-,4,L1,PAWAN KAMALKISHOR AJMERA,5102,M W F  3,,22/12 FN
"",,,,,,L2,Sai Sesha Chalapathi Gattupalli,5105,M W F  3,,22/12 FN
"",,Tutorial,,,,T1,Aditya Raw Gautam,5102,M  1,,
"",,,,,,T2,Devesh Samaiya,5105,M  1,,
"",,,,,,T3,Pawan Kamalkishor Ajmera,1233,M  1,,
"",,,,,,T4,Nitin Chaturvedi,6101,M  1,,
"",,,,,,T5,Shishir Maheshwari,6102,M  1,,
"",,,,,,T6,Sandeep Joshi,1234,M  1,,
"",,,,,,T7,Ankush Chandrakant Jahagirdar,1202,M  1,,
"",,,,,,T8,Arnab Hazra,1204,M  1,,
"",,Practical,,,,P1,Sambhavi Shukla(RS),,T  10 11,,
"",,,,,,,Radha Bhardwaj(RS),,,,
"",,,,,,P2,Arushi(RS),,T  10 11,,
"",,,,,,,Poonam Poonia(RS),,,,
"",,,,,,P3,Punit Khatri(RS),,T  10 11,,
"",,,,,,,Sayyida Beegam K(RS),,,,
"",,,,,,P4,Buddhi Prakash Sharma(RS),,T  10 11,,
"",,,,,,,Bhupender Kaushal(RS),,,,
"",,,,,,P5,Arushi(RS),,Th  7 8,,
"",,,,,,,Ankita Dixit(RS),,,,
"",,,,,,P6,Sambhavi Shukla(RS),,Th  7 8,,
"",,,,,,,Radha Bhardwaj(RS),,,,
"COMCOD",COURSE NO.,COURSE TITLE,CREDIT,SEC,INSTRUCTOR-IN-CHARGE / Instructor,ROOM,DAYS & HOURS,"COMMONHOUR","COMPREDATE &SESSION",,
"",,,L,P,U,,,,,,
"",,,,,,P7,Punit Khatri(RS),,Th  7 8,,
"",,,,,,,To Be Announced By Eee Dept,,,,
1660,INSTR F266,STUDY PROJECT,-,-,3,L1,HITESH DATT MATHUR,,,,
1345,INSTR F311,ELECTRO INST & INST TECH,-,-,4,L1,YENUGANTI SUJAN,1201,M W F  4,,27/12 FN
"",,Practical,,,,P1,Sankalp Paliwal(RS),,T  7 8,,
"",,,,,,,Suraj Baloda(RS),,,,
"",,,,,,P2,Anukaran Khanna(RS),,T  7 8,,
"",,,,,,,Suraj Baloda(RS),,,,
"",,,,,,P3,Sankalp Paliwal(RS),,Th  10 11,,
"",,,,,,,Anukaran Khanna(RS),,,,
1346,INSTR F312,TRANSD & MEASUREMENT TEC,-,-,3,L1,PUNEET MISHRA,1234,M W F  5,,15/12 FN
"",,Tutorial,,,,T1,Yenuganti Sujan,1203,T  9,,
"",,,,,,T2,Surekha Bhanot,1227,T  9,,
"",,,,,,T3,Puneet Mishra,1223,T  9,,
1347,INSTR F313,ANALOG & DIGIT VLSI DES,-,-,3,L1,ANU GUPTA,5102,M W F  8,,24/12 FN
"",,,,,,L2,Samatha Benedict,5101,M W F  8,,24/12 FN
"",,Tutorial,,,,T1,Samatha Benedict,1202,Th  9,,
"",,,,,,T2,Nitin Chaturvedi,6155,Th  9,,
"",,,,,,T3,Satyendra Kumar Mourya,1203,Th  9,,
"",,,,,,T4,Rahul Kumar,1223,Th  9,,
"",,,,,,T5,Karri Babu Ravi Teja,1226,Th  9,,
1734,INSTR F366,LABORATORY PROJECT,-,-,3,L1,HITESH DATT MATHUR,,,,
1745,INSTR F367,LABORATORY PROJECT,-,-,3,L1,HITESH DATT MATHUR,,,,
1694,INSTR F376,DESIGN PROJECT,-,-,3,L1,HITESH DATT MATHUR,,,,
1761,INSTR F377,DESIGN PROJECT,-,-,3,L1,HITESH DATT MATHUR,,,,
"COMCOD",COURSE NO.,COURSE TITLE,CREDIT,SEC,INSTRUCTOR-IN-CHARGE / Instructor,ROOM,DAYS & HOURS,"COMMONHOUR","COMPREDATE &SESSION",,
"",,,L,P,U,,,,,,
1719,INSTR F491,SPECIAL PROJECT,-,-,3,L1,HITESH DATT MATHUR,,,,
1331,IS F462,NETWORK PROGRAMMING,-,-,3,L1,HARIBABU K,6160,M W F  2,,20/12 FN
275,ITEB G621,SUPPLY CHAIN MANAGEMENT,-,-,4,L1,SRIKANTA ROUTROY,1201,M W F  3,,22/12 AN
1010,MATH F111,MATHEMATICS I,-,-,3,L1B,Devendra Kumar,6107,M  10  T Th  3,,28/12 FN
"",,,,,,L2N,Rajiv Kumar,,M W F  3,,24/01 AN
"",,,,,,,Ashish Tiwari,,,,
"",,,,,,L3N,Sangita Yadav,,M W F  8,,24/01 AN
"",,,,,,,Gaurav Dwivedi,,,,
"",,,,,,L4N,TRILOK MATHUR,,T Th  5  F  10,,24/01 AN
"",,,,,,,Pradipkumar Haribhau Keskar,,,,
"",,Tutorial,,,,T1B,Devendra Kumar,6160,F  1,,
"",,,,,,T2N,Umesh Khanduri(RS),,F  1,,
"",,,,,,T3N,Meghana(RS),,F  1,,
"",,,,,,T4N,Shah Pallav Dhanendrakumar(RS),,F  1,,
"",,,,,,T5N,Sugandha(RS),,F  1,,
"",,,,,,T6N,Gourav Arora(RS),,F  1,,
"",,,,,,T7N,Santhosh Kumar Pamula,,M  1,,
"",,,,,,T8N,Sourav Kumar Sasmal,,M  1,,
"",,,,,,T9N,Trilok Mathur,,M  1,,
"",,,,,,T10N,Swati Goyal(RS),,M  1,,
"",,,,,,T11N,Pradipkumar Haribhau Keskar,,M  1,,
"",,,,,,T12N,Riya Jain(RS),,M  1,,
"",,,,,,T13N,Sourav Kumar Sasmal,,Th  8,,
"",,,,,,T14N,Amit Kumar Saini(RS),,Th  8,,
"",,,,,,T15N,Satpal Singh(RS),,Th  8,,
"COMCOD",COURSE NO.,COURSE TITLE,CREDIT,SEC,INSTRUCTOR-IN-CHARGE / Instructor,ROOM,DAYS & HOURS,"COMMONHOUR","COMPREDATE &SESSION",,
"",,,L,P,U,,,,,,
"",,,,,,T16N,Sajan(RS),1201,Th  8,,
"",,,,,,T17N,Shilpa(RS),6102,Th  8,,
"",,,,,,T18N,Santhosh Kumar Pamula,,Th  8,,
"",,,,,,T19N,Sourav Kumar Sasmal,,W  1,,
"",,,,,,T20N,Himanshu Verma(RS),,W  1,,
"",,,,,,T21N,Komal(RS),,W  1,,
"",,,,,,T22N,Rishu Gandhi(RS),,W  1,,
"",,,,,,T23N,Sanjiv Kumar Bariwal(RS),,W  1,,
"",,,,,,T24N,Sonu Saini(RS),,W  1,,
"",,,,,,T25N,Sangita Yadav,,W  1,,
1022,MATH F211,MATHEMATICS III,-,-,3,L1,RAJESH KUMAR,1233,M W F  4,,11/12 FN
"",,,,,,,Sonali Kaushik(RS),,,,
"",,,,,,L2,Niladri Sarkar,1234,M W F  4,,11/12 FN
"",,,,,,L3,Sourav Kumar Sasmal,1231,M W F  4,,11/12 FN
"",,,,,,L4,Chandra Shekhar,1226,M W F  4,,11/12 FN
"",,,,,,,Mahendra Devanda(RS),,,,
"",,,,,,L5,Balram Dubey,1202,M W F  4,,11/12 FN
"",,,,,,,Ashvini Gupta(RS),,,,
"",,,,,,L6,Bhupendra Kumar Sharma,1203,M W F  4,,11/12 FN
"",,,,,,L7,Santhosh Kumar Pamula,6159,M W F  4,,11/12 FN
"",,,,,,L8,Jitender Kumar,6163,M W F  4,,11/12 FN
"",,,,,,,Parveen(RS),,,,
"",,,,,,L9,Devendra Kumar,6164,M W F  4,,11/12 FN
"",,,,,,,Anirudh Singh Rana,,,,
"",,,,,,L10,Biswanath Layek,1233,M W F  7,,11/12 FN
"COMCOD",COURSE NO.,COURSE TITLE,CREDIT,SEC,INSTRUCTOR-IN-CHARGE / Instructor,ROOM,DAYS & HOURS,"COMMONHOUR","COMPREDATE &SESSION",,
"",,,L,P,U,,,,,,
"",,,,,,L11,Sumanta Pasari,1234,M W F  7,,11/12 FN
"",,,,,,L12,Krishnendra Shekhawat,5106,M W F  7,,11/12 FN
"",,Common Hour,,,,CH1,Rajesh Kumar,1233,T  1,,
"",,,,,,,Sonali Kaushik(RS),,,,
"",,,,,,CH2,Niladri Sarkar,1234,T  1,,
"",,,,,,CH3,Sourav Kumar Sasmal,5101,T  1,,
"",,,,,,CH4,Chandra Shekhar,5102,T  1,,
"",,,,,,,Mahendra Devanda(RS),,,,
"",,,,,,CH5,Balram Dubey,5105,T  1,,
"",,,,,,,Ashvini Gupta(RS),,,,
"",,,,,,CH6,Bhupendra Kumar Sharma,5106,T  1,,
"",,,,,,CH7,Santhosh Kumar Pamula,6159,T  1,,
"",,,,,,CH8,Jitender Kumar,6163,T  1,,
"",,,,,,,Parveen(RS),,,,
"",,,,,,CH9,Devendra Kumar,6164,T  1,,
"",,,,,,,Anirudh Singh Rana,,,,
"",,,,,,CH10,Biswanath Layek,6101,T  1,,
"",,,,,,CH11,Sumanta Pasari,6102,T  1,,
"",,,,,,CH12,Krishnendra Shekhawat,6152,T  1,,
1122,MATH F212,OPTIMIZATION,-,-,3,L1,Shivi Agarwal,6164,M W F  9,,21/12 AN
"",,,,,,L2,CHANDRA SHEKHAR,6102,T Th  5  F  10,,21/12 AN
"",,,,,,L3,Rakhee,6159,T Th  5  F  10,,21/12 AN
"",,,,,,L4M,Shivi Agarwal,,M W F  9,,21/12 AN
"",,Tutorial,,,,T1,Shivi Agarwal,6164,M  1,,
"",,,,,,T2,Chandra Shekhar,1227,M  1,,
"COMCOD",COURSE NO.,COURSE TITLE,CREDIT,SEC,INSTRUCTOR-IN-CHARGE / Instructor,ROOM,DAYS & HOURS,"COMMONHOUR","COMPREDATE &SESSION",,
"",,,L,P,U,,,,,,
"",,,,,,T3,Rakhee,6159,T  2,,
1123,MATH F213,DISCRETE MATHEMATICS,-,-,3,L1,PRADIPKUMAR HARIBHAU KESKAR,6164,M W F  3,,22/12 FN
"",,,,,,L2,Divyum Sharma,1223,M W F  3,,22/12 FN
"",,Tutorial,,,,T1,Pradipkumar Haribhau Keskar,6164,W  1,,
"",,,,,,T2,Divyum Sharma,1226,W  1,,
1124,MATH F214,ELEMENTARY REAL ANALYSIS,-,-,3,L1,GAURAV DWIVEDI,6164,M  10  T Th  3,,28/12 FN
"",,Tutorial,,,,T1,Gaurav Dwivedi,6164,T  7,,
1125,MATH F215,ALGEBRA I,-,-,3,L1,JITENDER KUMAR,6164,T Th  4  W  10,,17/12 FN
"",,Tutorial,,,,T1,Jitender Kumar,6164,F  1,,
1662,MATH F266,STUDY PROJECT,-,-,3,L1,DEVENDRA KUMAR,,,,
1469,MATH F311,INTRODUCTION TO TOPOLOGY,-,-,3,L1,TRILOK MATHUR,6155,M W F  4,,27/12 FN
"",,Tutorial,,,,T1,Trilok Mathur,6155,T  2,,
1470,MATH F312,ORDINARY DIFF EQUATIONS,-,-,3,L1,BALRAM DUBEY,6155,M W F  8,,24/12 FN
"",,Tutorial,,,,T1,Balram Dubey,6155,T  9,,
1471,MATH F313,NUMERICAL ANALYSIS,-,-,3,L1,RAJESH KUMAR,6155,T Th  5  F  10,,18/12 FN
"",,Tutorial,,,,T1,Rajesh Kumar,6155,Th  2,,
1472,MATH F341,INTRO TO FUNCTIONAL ANAL,-,-,3,L1,ASHISH TIWARI,,M W F  7,,23/12 FN
1473,MATH F342,DIFFERENTIAL GEOMETRY,-,-,3,L1,PRADIPKUMAR HARIBHAU KESKAR,6104,M W F  2,,20/12 FN
1679,MATH F366,LABORATORY PROJECT,-,-,3,L1,DEVENDRA KUMAR,,,,
1747,MATH F367,LABORATORY PROJECT,-,-,3,L1,DEVENDRA KUMAR,,,,
1696,MATH F376,DESIGN PROJECT,-,-,3,L1,DEVENDRA KUMAR,,,,
1763,MATH F377,DESIGN PROJECT,-,-,3,L1,DEVENDRA KUMAR,,,,
1480,MATH F421,COMBINATORIAL MATHS,-,-,3,L1,KRISHNENDRA SHEKHAWAT,5106,M W F  2,,20/12 FN
2273,MATH F432,APPLIED STATISTICAL METHODS,-,-,3,L1,SUMANTA PASARI,1227,M  10  T Th  3,,28/12 FN
"",,,,,,L2M,Sumanta Pasari,,M  10  T Th  3,,28/12 FN
"COMCOD",COURSE NO.,COURSE TITLE,CREDIT,SEC,INSTRUCTOR-IN-CHARGE / Instructor,ROOM,DAYS & HOURS,"COMMONHOUR","COMPREDATE &SESSION",,
"",,,L,P,U,,,,,,
1330,MATH F441,DISCRETE MATHS STRUC,-,-,3,L1,DIVYUM SHARMA,1202,M W F  9,,13/12 FN
1881,MATH F444,NUMERICAL SOL OF ODE,-,-,3,L1,ANIRUDH SINGH RANA,6104,T Th  4  W  10,,17/12 FN
1476,MATH F471,NONLINEAR OPTIMIZATION,-,-,3,L1,RAKHEE,1201,M W F  7,,23/12 FN
"",,,,,,L2M,Rakhee,,M W F  7,,23/12 FN
1721,MATH F491,SPECIAL PROJECT,-,-,3,L1,DEVENDRA KUMAR,,,,
939,MBA G523,PROJECT MANAGEMENT,-,-,4,L1,RAJESH MATAI,6152,M W F  7,,23/12 AN
2233,MBA G533,ADVERT AND SALES PROMO,-,-,3,L1,PRAVEEN GOYAL,6155,M W F  7,,23/12 FN
2235,MBA G537,SECURE ANAL AND PORTFOL,-,-,3,L1,ARYA KUMAR,5101,T Th  4  W  10,,17/12 FN
2258,MBA G538,MARKETING MODELS,-,-,3,L1,ANIL KUMAR BHAT,6163,T Th  5  F  10,,18/12 AN
2429,MBA G541,OPERATIONS STRATEGY,-,-,3,L1,RAJESH MATAI,,T Th  4  W  10,,17/12 AN
2236,MBA G542,CONSUMER BEHAVIOUR,-,-,3,L1,ACHINT NIGAM,6156,M W F  2,,20/12 AN
1907,MBA G553,ORG. CHANGE AND DEVLP,-,-,3,L1,MOAMMAD FARAZ NAIM,6104,M  4  T Th  8,,14/12 AN
1909,MBA G555,INTERNATIONAL HUMAN RES. MGMT,-,-,3,L1,JAYASHREE MAHESH,,T Th  5  Th  9,,18/12 AN
1910,MBA G556,PERFORMANCE MANAGEMENT,-,-,3,L1,JAYASHREE MAHESH,6107,M W F  9,,13/12 AN
2363,MBA G566,STRATEGIC MANAGEMENT,-,-,3,L1,NEETU YADAV,6160,M W F  8,,24/12 AN
2364,MBA G567,TECHNOLOGY INNOVATION & ENTREP,-,-,3,L1,JYOTI,1223,M  10  T Th  3,,28/12 AN
2365,MBA G568,INTERNATIONAL BUSINESS STRATEG,-,-,3,L1,LEELA RANI,1226,M W F  5,,15/12 AN
"",,,,,,,Shaili Singh,,,,
2328,MBA G576,DIGITAL MARKETING,-,-,3,L1,NIRANKUSH DUTTA,6152,M W F  9,,13/12 AN
2329,MBA G577,SUPPLY CHAIN ANALYTICS,-,-,4,L1,SATYENDRA KR SHARMA,6152,T Th  4  W  10,,17/12 AN
2245,MBA G582,CREAT & LEAD ENTRE ORIGN,-,-,3,L1,JYOTI,2204,M W F  2,,20/12 FN
2249,MBA G589,ENTERPRISE RESOURCE PLAN,-,-,3,L1,DEEPAK KUMAR SAXENA,6108,T Th  2  F  4,,21/12 AN
2250,MBA G593,BUSS ANAL & VALUATION,-,-,3,L1,SAURABH CHADHA,1227,M W F  3,,22/12 AN
"",,,,,,,To Be Announced By Econ. & Fin Dept,,,,
"",,,,,,,Ritika Bhatia (nee Ritika Khanna)(RS),,,,
"COMCOD",COURSE NO.,COURSE TITLE,CREDIT,SEC,INSTRUCTOR-IN-CHARGE / Instructor,ROOM,DAYS & HOURS,"COMMONHOUR","COMPREDATE &SESSION",,
"",,,L,P,U,,,,,,
2379,ME F112,WORKSHOP PRACTICE,-,-,2,L1B,GIRISH KANT GARG,6107,M  8,,24/12 FN
"",,,,,,L2N,Girish Kant Garg,,W  10,,29/01 AN
"",,Practical,,,,P1B,Girish Kant Garg,,T  7 8,,
"",,,,,,P2N,To Be Announced By Mechanical Dept,,T  3 4,,
"",,,,,,P3N,Vishwjeet Choudhary(RS),,T  3 4,,
"",,,,,,P4N,Ashish Kumar Srivastava(RS),,T  3 4,,
"",,,,,,P5N,Shailendra Pawanr(RS),,T  3 4,,
"",,,,,,P6N,Ayush Owhal(RS),,T  3 4,,
"",,,,,,P7N,Naveen P T(RS),,T  3 4,,
"",,,,,,P8N,To Be Announced By Mechanical Dept,,T  3 4,,
1083,ME F211,MECHANICS OF SOLIDS,-,-,3,L1,SHARAD SHRIVASTAVA,5106,T Th  4  W  10,,17/12 FN
"",,Tutorial,,,,T1,Amit Rajnarayan Singh,5106,F  1,,
"",,,,,,T2,Girish Kant Garg,1203,F  1,,
"",,,,,,T3,Jitendra Singh Rathore,1201,F  1,,
"",,,,,,T4,Sharad Shrivastava,1223,F  1,,
"",,,,,,T5,Arun Kumar Jalan,1232,F  1,,
1082,ME F212,FLUID MECHANICS,-,-,3,L1,SHYAM SUNDER YADAV,5106,M  10  T Th  3,,28/12 FN
"",,Tutorial,,,,T1,Shyam Sunder Yadav,5106,W  1,,
"",,,,,,T2,Saket Verma,6154,W  1,,
"",,,,,,T3,Md. Qaisar Raza,6159,W  1,,
"",,,,,,T4,Leo Daniel A(RS),1227,W  1,,
"",,,,,,T5,Ashish Khare(RS),1201,W  1,,
1084,ME F214,APPLIED THERMODYNAMICS,-,-,3,L1B,A R HARIKRISHNAN,,M W F  3,,22/12 FN
"",,,,,,P1B,Rahul Ukey(RS),,T  10 11,,
"",,,,,,T4,Suvanjan Bhattacharyya,1223,Th  1,,
"COMCOD",COURSE NO.,COURSE TITLE,CREDIT,SEC,INSTRUCTOR-IN-CHARGE / Instructor,ROOM,DAYS & HOURS,"COMMONHOUR","COMPREDATE &SESSION",,
"",,,L,P,U,,,,,,
1085,ME F215,MECHANICAL ENGG LAB,-,-,2,P1,A R HARIKRISHNAN,,T  10 11,,
2394,ME F216,MATERIALS SCIENCE AND ENGG,-,-,3,L1,FAIZAN MOHAMMAD RASHID,5106,M W F  9,,13/12 FN
"",,Tutorial,,,,T1,Mohammed Jamsheed(RS),5106,M  1,,
"",,,,,,T2,Faizan Mohammad Rashid,1226,M  1,,
"",,,,,,T3,Sachin Ulhasrao Belgamwar,1201,M  1,,
"",,,,,,T4,Murali Palla,1223,M  1,,
"",,,,,,T5,Vishwjeet Choudhary(RS),1219,M  1,,
"",,Practical,,,,P1,Mohammed Jamsheed(RS),,Th  7 8,,
"",,,,,,P2,Vishwjeet Choudhary(RS),,Th  7 8,,
"",,,,,,P3,Devendra Kumar Vishwakarma(RS),,Th  7 8,,
"",,,,,,P4,Vimal Chauhan(RS),,Th  7 8,,
2396,ME F217,APPLIED THERMODYNAMICS,-,-,4,L1,A R HARIKRISHNAN,5106,M W F  3,,22/12 FN
"",,Tutorial,,,,T1,A R Harikrishnan,5106,Th  1,,
"",,,,,,T2,Aakash Chand Rai,1227,Th  1,,
"",,,,,,T3,Md. Qaisar Raza,1201,Th  1,,
"",,,,,,T4,Suvanjan Bhattacharyya,1223,Th  1,,
"",,Practical,,,,P1,Rahul Ukey(RS),,T  10 11,,
"",,,,,,P2,Santosh Kumar Saini(RS),,T  10 11,,
"",,,,,,P3,Mukesh Budaniya(RS),,T  10 11,,
"",,,,,,P4,Deepali Agrawal(RS),,T  10 11,,
1266,ME F244,KIN & DYN OF  MACHINES,-,-,3,L1,"VENKATESH KADBUR PRABHAKARRAO",1220,T Th  4  W  10,,17/12 AN
1663,ME F266,STUDY PROJECT,-,-,3,L1,MANI SANKAR DASGUPTA,,,,
1267,ME F311,HEAT TRANSFER,-,-,4,L1,MANI SANKAR DASGUPTA,,,,22/12 FN
1268,ME F312,ADV MECHANICS OF SOLIDS,-,-,3,L1,MANI SANKAR DASGUPTA,1219,M  10  T Th  3,,28/12 FN
2401,ME F314,DESIGN OF MACHINE ELEMENTS,-,-,3,L1,MANI SANKAR DASGUPTA,1227,M W F  4,,27/12 FN
"COMCOD",COURSE NO.,COURSE TITLE,CREDIT,SEC,INSTRUCTOR-IN-CHARGE / Instructor,ROOM,DAYS & HOURS,"COMMONHOUR","COMPREDATE &SESSION",,
"",,,L,P,U,,,,,,
"",,Tutorial,,,,T1,Jitendra Singh Rathore,1205,Th  2,,
"",,,,,,T2,Amit Rajnarayan Singh,1204,Th  2,,
"",,,,,,T3,Gaurav Watts,1232,Th  2,,
"",,,,,,T4,Amol Marathe,1220,Th  2,,
"",,,,,,T5,Mani Sankar Dasgupta,1219,Th  2,,
2403,ME F315,ADV MANUFACTURING PROCESSES,-,-,3,L1,RADHA RAMAN MISHRA,5106,M W  8,,24/12 FN
"",,Tutorial,,,,T1,Radha Raman Mishra,5106,F  8,,
"",,Practical,,,,P1,Santosh Kumar Saraswat(RS),,T  7 8,,
"",,,,,,P2,Rajesh Prasad Mishra,,T  7 8,,
"",,,,,,P3,Amresh Kumar(RS),,Th  7 8,,
"",,,,,,P4,Sowrabh Kugunavar(RS),,Th  7 8,,
2404,ME F316,MANUFACTURING MANAGEMENT,-,-,2,L1,SRIKANTA ROUTROY,1227,T Th  5,,18/12 FN
"",,,,,,,Divyansh Patel,,,,
"",,Tutorial,,,,T1,Abdullah Sultan F(RS),6104,T  2,,
"",,,,,,T2,Shailender Singh(RS),6103,T  2,,
"",,,,,,T3,Srikanta Routroy,1205,T  2,,
"",,,,,,T4,Divyansh Patel,1204,T  2,,
2405,ME F317,ENGINES  MOTORS  AND MOBILITY,-,-,2,L1,SAKET VERMA,5106,W F  5,,15/12 FN
"",,Tutorial,,,,T1,Saket Verma,1202,T  9,,
"",,,,,,T2,Anish Kumar(RS),1232,T  9,,
"",,,,,,T3,T Lachana Dora(RS),1226,T  9,,
"",,,,,,T4,Diplesh Gautam(RS),1231,T  9,,
1680,ME F366,LABORATORY PROJECT,-,-,3,L1,MANI SANKAR DASGUPTA,,,,
1748,ME F367,LABORATORY PROJECT,-,-,3,L1,MANI SANKAR DASGUPTA,,,,
1697,ME F376,DESIGN PROJECT,-,-,3,L1,MANI SANKAR DASGUPTA,,,,
"COMCOD",COURSE NO.,COURSE TITLE,CREDIT,SEC,INSTRUCTOR-IN-CHARGE / Instructor,ROOM,DAYS & HOURS,"COMMONHOUR","COMPREDATE &SESSION",,
"",,,L,P,U,,,,,,
1764,ME F377,DESIGN PROJECT,-,-,3,L1,MANI SANKAR DASGUPTA,,,,
1275,ME F413,NONLINEAR VIBRATIONS,-,-,3,L1,AMOL MARATHE,1203,M W F  3,,22/12 FN
2291,ME F414,FUEL CELL SCIENCE AND TECHNOLO,-,-,3,L1,TRIBENI ROY,1203,M W F  7,,23/12 FN
1277,ME F415,GAS DYNAMICS,-,-,3,L1,ANEESH A M,1226,M W F  7,,23/12 FN
1278,ME F416,REV ENG & RAPID PROTOTYP,-,-,3,L1,RADHA RAMAN MISHRA,1226,T Th  4  W  10,,17/12 FN
1281,ME F420,POWER PLANT ENGINEERING,-,-,3,L1,P SRINIVASAN,1223,M W F  7,,23/12 FN
"",,Tutorial,,,,T1,P Srinivasan,1202,W  1,,
1284,ME F443,QUALI CONTRO ASSUR & REL,-,-,3,L1N,TRIBENI ROY,,M  10  T Th  3,,28/12 AN
1868,ME F484,AUTOMOTIVE TECHNOLOGY,-,-,3,L1,MD. QAISAR RAZA,6101,M W F  11,,11/12 AN
"",,,,,,,Rajesh Prasad Mishra,,,,
1290,ME F491,SPECIAL PROJECTS,-,-,3,L1,MANI SANKAR DASGUPTA,,,,
741,ME G511,MECHANISMS & ROBOTICS,-,-,5,L1N,BIJAY KUMAR ROUT,,T Th  4  W  10,,20/12 AN
"",,,,,,L2,Bijay Kumar Rout,,M W F  3,,22/12 AN
322,ME G512,FINITE ELEMENT METHOD,-,-,5,L1N,GAURAV WATTS,,M W F  5,,24/12 AN
"",,,,,,L2,Gaurav Watts,1205,T Th  4  W  10,,17/12 AN
262,ME G532,MACHINE TOOL ENGINEERING,-,-,5,L1,PRATEEK KALA,1232,T Th  5  F  10,,18/12 AN
"",,,,,,,Abhijeet Keshaorao Digalwar,,,,
2098,ME G533,COND & RAD HEAT TRANSFER,-,-,5,L1,C RANGANAYAKULU,1204,M W F  9,,13/12 AN
2079,ME G535,ADV ENGG MATHEMATICS,-,-,5,L1N,MURALI PALLA,,M W F  7,,23/12 AN
"",,,,,,,Amol Marathe,,,,
2086,ME G538,TOYOTA PRODUCTION SYSTEM,-,-,5,L1N,RAJESH PRASAD MISHRA,,M W F  9,,23/12 AN
2087,ME G539,COMP INTEGRATED MANUFACT,-,-,5,L1,TUFAN CHANDRA BERA,1204,M W F  2,,20/12 AN
740,ME G641,THEORY OF ELAST & PLAST,-,-,5,L1,JITENDRA SINGH RATHORE,6156,M W F  8,,24/12 AN
742,MEL G611,I C FABRICATION TECH,-,-,5,L1N,SATYENDRA KUMAR MOURYA,,M  10  T Th  3,,28/12 AN
743,MEL G621,VLSI DESIGN,-,-,5,L1N,NITIN CHATURVEDI,6159,M W F  3,,24/12 AN
"COMCOD",COURSE NO.,COURSE TITLE,CREDIT,SEC,INSTRUCTOR-IN-CHARGE / Instructor,ROOM,DAYS & HOURS,"COMMONHOUR","COMPREDATE &SESSION",,
"",,,L,P,U,,,,,,
"",,Practical,,,,P1N,Buddhi Prakash Sharma(RS),,T  10 11,,
"",,,,,,P2N,Kanika(RS),,T  10 11,,
2063,MEL G622,INTRO TO ARTIF NEURAL NET,-,-,4,L1,ANANTHA KRISHNA CHINTANPALLI,6101,M W Th  8,,24/12 AN
"",,Practical,,,,P1,Gorla Praveen(RS),,F  8 9,,
500,MEL G623,ADVANCED VLSI DESIGN,-,-,5,L1,ANU GUPTA,6164,T Th  5  F  10,,18/12 AN
2064,MEL G624,ADV VLSI ARCHITECTURES,-,-,5,L1,CHANDRASEKHAR,6152,M  10  T Th  3,,28/12 AN
"",,,,,,,Arushi(RS),,,,
932,MEL G625,ADV ANALOG & MIX SIG DES,-,-,5,L1,ANU GUPTA,6107,M W F  4,,27/12 AN
"",,,,,,,Chandrasekhar,,,,
606,MEL G626,VLSI TEST & TESTABILITY,-,-,5,L1,ABHIJIT RAMESHWAR ASATI,6101,M W F  2,,20/12 AN
744,MEL G631,PHY & MO OF MICROEL DEV,-,-,5,L1N,RAHUL KUMAR,,T Th  4  W  10,,22/12 AN
1107,MF F211,MECHANICS OF SOLIDS,-,-,3,L1,SHARAD SHRIVASTAVA,1223,T Th  4  W  10,,17/12 FN
"",,Tutorial,,,,T1,Amit Rajnarayan Singh,5106,F  1,,
"",,,,,,T2,Girish Kant Garg,1203,F  1,,
"",,,,,,T3,Jitendra Singh Rathore,1201,F  1,,
"",,,,,,T4,Sharad Shrivastava,1223,F  1,,
"",,,,,,T5,Arun Kumar Jalan,1232,F  1,,
2395,MF F216,MATERIALS SCIENCE AND ENGG.,-,-,3,L1,FAIZAN MOHAMMAD RASHID,5106,M W F  9,,13/12 FN
"",,Tutorial,,,,T1,Mohammed Jamsheed(RS),5106,M  1,,
"",,,,,,T2,Faizan Mohammad Rashid,1226,M  1,,
"",,,,,,T3,Sachin Ulhasrao Belgamwar,1201,M  1,,
"",,,,,,T4,Murali Palla,1223,M  1,,
"",,,,,,T5,Vishwjeet Choudhary(RS),1219,M  1,,
"",,Practical,,,,P1,Mohammed Jamsheed(RS),,Th  7 8,,
"",,,,,,P2,Vishwjeet Choudhary(RS),,Th  7 8,,
"COMCOD",COURSE NO.,COURSE TITLE,CREDIT,SEC,INSTRUCTOR-IN-CHARGE / Instructor,ROOM,DAYS & HOURS,"COMMONHOUR","COMPREDATE &SESSION",,
"",,,L,P,U,,,,,,
"",,,,,,P3,Devendra Kumar Vishwakarma(RS),,Th  7 8,,
"",,,,,,P4,Vimal Chauhan(RS),,Th  7 8,,
2410,MF F217,MACHINE DRAWING,-,-,2,P1,AMIT RAJNARAYAN SINGH,,M W  2 3,,
2411,MF F218,TRANSPORT PHENOMENA IN MANU.,-,-,4,L1,ANEESH A M,6155,M  10  T Th  3,,28/12 FN
"",,Practical,,,,P1,Ramesh Kumar(RS),,F  2 3,,
"",,,,,,P2,Pratibha Sinha(RS),,F  2 3,,
"",,,,,,P3,Vishwjeet Choudhary(RS),,F  2 3,,
"",,,,,,P4,Deshmankar Atharv Pramod(RS),,F  2 3,,
1664,MF F266,STUDY PROJECT,-,-,3,L1,MANI SANKAR DASGUPTA,,,,
2431,MF F314,DESIGN OF MACHINE ELEMENTS,-,-,3,L1,MANI SANKAR DASGUPTA,1227,M W F  4,,27/12 FN
"",,Tutorial,,,,T1,Jitendra Singh Rathore,1205,Th  2,,
"",,,,,,T2,Amit Rajnarayan Singh,1204,Th  2,,
"",,,,,,T3,Gaurav Watts,1232,Th  2,,
"",,,,,,T4,Amol Marathe,1220,Th  2,,
"",,,,,,T5,Mani Sankar Dasgupta,1219,Th  2,,
2415,MF F315,AUTOMATION AND CONTROL,-,-,4,L1,PRATEEK KALA,1203,M W F  8,,24/12 FN
"",,Tutorial,,,,T1,Prateek Kala,1202,T  2,,
"",,Practical,,,,P1,Suveg V Iyer(RS),,T  10 11,,
"",,,,,,P2,Pradnya Anand Chabbi(RS),,T  10 11,,
2416,MF F316,MACHINING AND MACHINE TOOLS,-,-,4,L1,DIVYANSH PATEL,1203,M W F  5,,15/12 FN
"",,Practical,,,,P1,Shital Patil(RS),,T  7 8,,
"",,,,,,P2,Divyansh Patel,,T  7 8,,
1681,MF F366,LABORATORY PROJECT,-,-,3,L1,MANI SANKAR DASGUPTA,,,,
1749,MF F367,LABORATORY PROJECT,-,-,3,L1,MANI SANKAR DASGUPTA,,,,
1698,MF F376,DESIGN PROJECT,-,-,3,L1,MANI SANKAR DASGUPTA,,,,
"COMCOD",COURSE NO.,COURSE TITLE,CREDIT,SEC,INSTRUCTOR-IN-CHARGE / Instructor,ROOM,DAYS & HOURS,"COMMONHOUR","COMPREDATE &SESSION",,
"",,,L,P,U,,,,,,
1765,MF F377,DESIGN PROJECT,-,-,3,L1,MANI SANKAR DASGUPTA,,,,
1418,MF F421,SUPPLY CHAIN MANAGEMENT,-,-,4,L1,SRIKANTA ROUTROY,1201,M W F  3,,22/12 AN
1884,MF F485,SUSTAINABLE MANUFACTURING,-,-,3,L1,KULDIP SINGH SANGWAN,1201,M W F  2,,20/12 FN
1422,MF F491,SPECIAL PROJECTS,-,-,3,L1,MANI SANKAR DASGUPTA,,,,
2453,MPBA G501,MANAGERIAL ECONOMICS,-,-,3,L1,LEELA RANI,6105,T Th  4  W  10,,17/12 AN
2454,MPBA G502,FINANCIAL STAT ANALY & REPORT,-,-,3,L1,SAURABH CHADHA,6105,T Th  5  F  10,,18/12 AN
2455,MPBA G503,MARKETING MANAGEMENT,-,-,3,L1,ANIL KUMAR BHAT,6105,M W F  3,,22/12 AN
"",,,,,,,Praveen Goyal,,,,
2456,MPBA G504,MANAGING PEOPLE & ORGANIZATION,-,-,3,L1,MOAMMAD FARAZ NAIM,6105,M W F  5,,15/12 AN
"",,,,,,,Jayashree Mahesh,,,,
2457,MPBA G505,STATISTICS & BASIC ECONOMETRIC,-,-,3,L1,UDAYAN CHANDA,6105,M W  2,,20/12 AN
"",,Practical,,,,P1,Udayan Chanda,,T  8 9,,
"",,,,,,P2,Udayan Chanda,,Th  8 9,,
2458,MPBA G506,"DATA MANAGEMENT &WAREHOUSING",-,-,3,L1,DEEPAK KUMAR SAXENA,6105,M W  4,,27/12 AN
"",,Practical,,,,P1,Deepak Kumar Saxena,,T  8 9,,
"",,,,,,P2,Deepak Kumar Saxena,,Th  8 9,,
2459,MPBA G507,PROGRAMMING FOR ANALYTICS,-,-,3,L1,TIRUMALSETY REVENDRANATH,6105,F  4,,23/12 AN
"",,Practical,,,,P1,Tirumalsety Revendranath,,T Th  2 3,,
"",,,,,,P2,Tirumalsety Revendranath,,M W  8 9,,
649,MSE G521,WORLD-CLASS MANUFACTUR,-,-,5,L1,ABHIJEET KESHAORAO DIGALWAR,6155,M W F  5,,15/12 AN
1932,MST F332,MATERIALS PROCESSING,-,-,3,L1,BANASRI ROY,6107,M W F  3,,22/12 FN
"",,,,,,,Etika Krishna Chaitanya,,,,
667,MUSIC N113T,INDIA CLASS MUSIC(INS) I,-,-,3,L1,ANIL RAI,,M W F  11,,10/12 FN
673,MUSIC N114T,INDIA CLASS MUSIC(INS)II,-,-,3,L1,ANIL RAI,,T Th S  11,,10/12 AN
1086,PHA F211,PHARMACEUTICAL ANALYSIS,-,-,3,L1,SANDEEP SUNDRIYAL,6159,T Th  4,,17/12 FN
"COMCOD",COURSE NO.,COURSE TITLE,CREDIT,SEC,INSTRUCTOR-IN-CHARGE / Instructor,ROOM,DAYS & HOURS,"COMMONHOUR","COMPREDATE &SESSION",,
"",,,L,P,U,,,,,,
"",,Tutorial,,,,T1,Sandeep Sundriyal,6159,W  10,,
"",,Practical,,,,P1,Sharyu Kesharwani(RS),,T  7 8,,
"",,,,,,,Samrat Mazumdar(RS),,,,
"",,,,,,,Rupesh Sanjaykumar Jain(RS),,,,
"",,,,,,,Moumita Basak(RS),,,,
"",,,,,,P2,Sharyu Kesharwani(RS),,T  7 8,,
"",,,,,,,Samrat Mazumdar(RS),,,,
"",,,,,,,Moumita Basak(RS),,,,
"",,,,,,,Ila Milind Sarode(RS),,,,
1292,PHA F242,BIOLOGICAL CHEMISTRY,-,-,3,L1,RICHA SHRIVASTAVA,6159,M W  9,,13/12 FN
"",,Tutorial,,,,T1,Richa Shrivastava,6159,F  9,,
"",,Practical,,,,P1,Karanam Laxmi Swetha(RS),,T  10 11,,
"",,,,,,,Narisepalli Saibhargav(RS),,,,
"",,,,,,,Shreya Das(RS),,,,
"",,,,,,P2,Karanam Laxmi Swetha(RS),,T  10 11,,
"",,,,,,,Narisepalli Saibhargav(RS),,,,
"",,,,,,,Shobha Kumari(RS),,,,
1665,PHA F266,STUDY PROJECT,-,-,3,L1,HEMANT RAMANLAL JADHAV,,,,
1295,PHA F311,PHARMACOLOGY I,-,-,3,L1,RAJEEV TALIYAN,1232,M W  4,,27/12 FN
"",,Tutorial,,,,T1,Rajeev Taliyan,1232,F  4,,
"",,Practical,,,,P1,Violina Kakoty(RS),,Th  7 8,,
"",,,,,,,Sankrityayan Himanshu(RS),,,,
"",,,,,,,Ajinath Vishwanath Kale(RS),,,,
"",,,,,,,Shelke Vishwadeep Madhukar(RS),,,,
"",,,,,,P2,Violina Kakoty(RS),,Th  7 8,,
"COMCOD",COURSE NO.,COURSE TITLE,CREDIT,SEC,INSTRUCTOR-IN-CHARGE / Instructor,ROOM,DAYS & HOURS,"COMMONHOUR","COMPREDATE &SESSION",,
"",,,L,P,U,,,,,,
"",,,,,,,Sarathlal K C(RS),,,,
"",,,,,,,Sankrityayan Himanshu(RS),,,,
"",,,,,,,Ajinath Vishwanath Kale(RS),,,,
1297,PHA F312,MEDICINAL CHEMISTRY I,-,-,3,L1,R MAHESH,1231,M W  5,,15/12 FN
"",,Tutorial,,,,T1,R Mahesh,1231,F  5,,
"",,Practical,,,,P1,Amritansh Bhanot(RS),,T  10 11,,
"",,,,,,,Shailesh Mani Tripathi(RS),,,,
"",,,,,,,Mukesh(RS),,,,
"",,,,,,P2,Amritansh Bhanot(RS),,T  10 11,,
"",,,,,,,Ala Chandu(RS),,,,
"",,,,,,,Mukesh(RS),,,,
1299,PHA F313,INSTRU METHODS OF ANAL,-,-,4,L1,S MURUGESAN,6164,T Th  9,,18/12 AN
"",,Tutorial,,,,T1,S Murugesan,6153,F  9,,
"",,Practical,,,,P1,Gangadari Giriprasad(RS),,T  7 8,,
"",,,,,,,Ansari Imran Kaimudin(RS),,,,
"",,,,,,,Banoth Karankumar(RS),,,,
"",,,,,,,Neha Dagar(RS),,,,
"",,,,,,,Mahipal Reddy Donthi(RS),,,,
"",,,,,,,Karnam Sriravali(RS),,,,
1300,PHA F314,PHARMA FORMUL & BIOPHARM,-,-,3,L1,ANIRUDDHA ROY,6103,M W  8,,24/12 FN
"",,Tutorial,,,,T1,Aniruddha Roy,1232,F  8,,
"",,Practical,,,,P1,Hinge Nikita Subhash(RS),,Th  1 2,,
"",,,,,,,Geetika(RS),,,,
"",,,,,,,Reena(RS),,,,
"",,,,,,P2,Rupesh Sanjaykumar Jain(RS),,Th  1 2,,
"COMCOD",COURSE NO.,COURSE TITLE,CREDIT,SEC,INSTRUCTOR-IN-CHARGE / Instructor,ROOM,DAYS & HOURS,"COMMONHOUR","COMPREDATE &SESSION",,
"",,,L,P,U,,,,,,
"",,,,,,,Deepak Kumar Sahel(RS),,,,
"",,,,,,,Reena(RS),,,,
1682,PHA F366,LABORATORY PROJECT,-,-,3,L1,HEMANT RAMANLAL JADHAV,,,,
1750,PHA F367,LABORATORY PROJECT,-,-,3,L1,HEMANT RAMANLAL JADHAV,,,,
1699,PHA F376,DESIGN PROJECT,-,-,3,L1,HEMANT RAMANLAL JADHAV,,,,
1766,PHA F377,DESIGN PROJECT,-,-,3,L1,HEMANT RAMANLAL JADHAV,,,,
1303,PHA F413,PHARMA MANG & QUAL CONTR,-,-,3,L1,MURALI M PANDEY,6103,T Th  4  W  10,,17/12 FN
1305,PHA F415,PATHOPHYSIOLOGY,-,-,3,L1,RAJEEV TALIYAN,1231,M  10  T Th  3,,28/12 FN
1306,PHA F416,CHEM OF SYNTHETIC DRUGS,-,-,3,L1,SANDEEP SUNDRIYAL,2207,M W F  2,,20/12 FN
1724,PHA F491,SPECIAL PROJECT,-,-,3,L1,HEMANT RAMANLAL JADHAV,,,,
351,PHA G532,Q A & REGULATORY AFFAIRS,-,-,5,L1N,GAIKWAD ANIL BHANUDAS,,M W F  5,,21/12 AN
"",,Practical,,,,P1N,Maravajjala Kavya Sree(RS),,M  10 11,,
"",,,,,,,Salunkhe Shubham Arun(RS),,,,
"",,,,,,,Abhay Tharmatt(RS),,,,
2381,PHA G534,SEPARATION AND STRU ELUCI TECH,-,-,4,L1,ATISH PAUL,6153,M  10  T Th  3,,28/12 AN
2383,PHA G536,COSMETICS AND COSMECEUTICALS,-,-,5,L1,MURALI M PANDEY,,M W F  8,,24/12 AN
"",,Practical,,,,P1,Paramita Saha(RS),,T  7 8,,
"",,,,,,,Salunkhe Shubham Arun(RS),,,,
2385,PHA G538,IMMUNOPHARMACOLOGY,-,-,4,L1N,ANIRUDDHA ROY,,M W F  3,,24/12 AN
2387,PHA G540,"MODERN PHARMACEUT ANALYTECHNI",-,-,4,L1N,S MURUGESAN,,T Th  5  F  10,,28/12 AN
"",,Practical,,,,P1N,Paramita Saha(RS),,Th  1 2,,
"",,,,,,,Deepak Kumar Sahel(RS),,,,
"",,,,,,,Salunkhe Shubham Arun(RS),,,,
"",,,,,,,Shivanshu Bajaj(RS),,,,
"",,,,,,,Kommera Sai Pradyuth(RS),,,,
"COMCOD",COURSE NO.,COURSE TITLE,CREDIT,SEC,INSTRUCTOR-IN-CHARGE / Instructor,ROOM,DAYS & HOURS,"COMMONHOUR","COMPREDATE &SESSION",,
"",,,L,P,U,,,,,,
"",,,,,,,Maravajjala Kavya Sree(RS),,,,
"",,,,,,,Mahipal Reddy Donthi(RS),,,,
"",,,,,,,Karnam Sriravali(RS),,,,
183,PHA G541,COMP AIDED DRUG DESIGN,-,-,5,L1,S MURUGESAN,6153,M W F  4,,27/12 AN
"",,Practical,,,,P1,Banoth Karankumar(RS),,Th  7 8,,
"",,,,,,,Amit Sharma(RS),,,,
"",,,,,,,Shikha Thakur(RS),,,,
653,PHA G542,ADVANCE PHYSICAL PHARMA,-,-,5,L1N,GAUTAM SINGHVI,,M W F  8,,24/12 AN
"",,Practical,,,,P1N,Choudhari Manisha Vinayak(RS),,T  7 8,,
"",,,,,,,Waghule Tejashree Vilas Archana(RS),,,,
"",,,,,,,Paramita Saha(RS),,,,
"",,,,,,,Gorantla Srividya(RS),,,,
55,PHA G543,CLINICAL RESEARCH,-,-,5,L1N,HEMANT RAMANLAL JADHAV,,M W F  4,,27/12 AN
2125,PHA G544,ADV PHARMACEUTICAL CHEM,-,-,5,L1N,HEMANT RAMANLAL JADHAV,,T Th  4  W  10,,22/12 AN
"",,Practical,,,,P1N,Amit Sharma(RS),,M  8 9,,
"",,,,,,,Auti Prashant Savleram(RS),,,,
2293,PHA G547,QUALI-DESIGN IN PHARM PROD DEV,-,-,5,L1,GAUTAM SINGHVI,6153,T Th  4  W  10,,17/12 AN
"",,Practical,,,,P1,Choudhari Manisha Vinayak(RS),6153,Th  9 10,,
"",,,,,,,Waghule Tejashree Vilas Archana(RS),,,,
"",,,,,,,Gorantla Srividya(RS),,,,
2388,PHA G548,CHEMISTRY OF NATURAL DRUGS,-,-,5,L1N,ATISH PAUL,,M W F  7,,23/12 AN
"",,Practical,,,,P1,Nisha Yadav(RS),,T  7 8,,
"",,,,,,,Auti Prashant Savleram(RS),,,,
747,PHA G612,PHARM KINET & CLINIC PHA,-,-,5,L1N,DEEPAK CHITKARA,,M W F  7,,23/12 AN
"",,Practical,,,,P1N,Ansari Imran Kaimudin(RS),,Th  3 4,,
"COMCOD",COURSE NO.,COURSE TITLE,CREDIT,SEC,INSTRUCTOR-IN-CHARGE / Instructor,ROOM,DAYS & HOURS,"COMMONHOUR","COMPREDATE &SESSION",,
"",,,L,P,U,,,,,,
"",,,,,,,Geetika(RS),,,,
"",,,,,,,Jayant Singh Bhardwaj(RS),,,,
"",,,,,,,Deepak Kumar Sahel(RS),,,,
955,PHA G613,PHARMACEUTICAL BIOTECH,-,-,5,L1,MURALI M PANDEY,6102,M W F  2,,20/12 AN
"",,Practical,,,,P1,Arihant Kumar Singh(RS),,Th  1 2,,
"",,,,,,,Nisha Yadav(RS),,,,
"",,,,,,,Shrikant Sitaram Kirwale(RS),,,,
510,PHA G616,PHARMA ADMIN & MGMT,-,-,5,L1,ANUPAMA MITTAL,6155,M W F  3,,22/12 AN
145,PHA G617,ADV DRUG DELIVERY SYSTEM,-,-,5,L1,DEEPAK CHITKARA,6153,T Th  5  F  10,,18/12 AN
"",,Practical,,,,P1,Arihant Kumar Singh(RS),,T  9 10,,
"",,,,,,,Kommera Sai Pradyuth(RS),,,,
"",,,,,,,Abhay Tharmatt(RS),,,,
767,PHA G618,RETROSYNTHETIC ANALYSIS,-,-,5,L1,SANDEEP SUNDRIYAL,6105,M W F  8,,24/12 AN
2105,PHA G619,SCR METHOD & TECH IN PHA,-,-,5,L1N,RICHA SHRIVASTAVA,,M W F  2,,20/12 AN
"",,Practical,,,,P1N,Sarathlal K C(RS),,T  1 2,,
"",,,,,,,Shreya Das(RS),,,,
"",,,,,,,Shelke Vishwadeep Madhukar(RS),,,,
2389,PHA G623,PHARM APPL OF PLOYM AND BIOPOL,-,-,5,L1,ANIRUDDHA ROY,,T Th  4  W  10,,17/12 AN
2390,PHA G624,PRINCIPLES OF TOXICOLOGY,-,-,5,L1,RAJEEV TALIYAN,6159,M W F  8,,24/12 AN
2391,PHA G625,CELLULAR AND MOLECULAR PHARMAC,-,-,5,L1,GAIKWAD ANIL BHANUDAS,1202,T Th  5  F  10,,18/12 AN
2393,PHA G627,MEDICAL DEVICES AND TESTING,-,-,4,L1,R MAHESH,,M  10  T Th  3,,28/12 AN
2069,PHA G642,LABORATORY PROJECT,-,-,6,L1,HEMANT RAMANLAL JADHAV,,,,
1014,PHY F110,PHYSICS LABORATORY,-,-,1,P1B,Rakesh Choubisa,,T  4 5,,
"",,,,,,,Nikita Dhankhar(RS),,,,
"",,,,,,P2N,Neha(RS),,T  7 8,,
"COMCOD",COURSE NO.,COURSE TITLE,CREDIT,SEC,INSTRUCTOR-IN-CHARGE / Instructor,ROOM,DAYS & HOURS,"COMMONHOUR","COMPREDATE &SESSION",,
"",,,L,P,U,,,,,,
"",,,,,,,Shrishti Sharma(RS),,,,
"",,,,,,P3N,Shubham Yadav(RS),,T  7 8,,
"",,,,,,,Gokul Venkatasubramanian(RS),,,,
"",,,,,,P4N,Amol Holkundkar,,T  7 8,,
"",,,,,,,Deepthi Godaba Venkata(RS),,,,
"",,,,,,P5N,Shaina Gandhi(RS),,T  7 8,,
"",,,,,,,Sushil(RS),,,,
"",,,,,,P6N,Debashis Bandyopadhyay,,T  7 8,,
"",,,,,,,Akash Gayakwad(RS),,,,
"",,,,,,P7N,JAYENDRA NATH BANDYOPADHYAY,,T  7 8,,
"",,,,,,,Shaina Gandhi(RS),,,,
"",,,,,,P8N,Aayushi Agrawal(RS),,T  7 8,,
"",,,,,,,Mahima Tyagi(RS),,,,
"",,,,,,P9N,Sri Aurobindo Panda(RS),,T  9 10,,
"",,,,,,,Amrit Kumar(RS),,,,
"",,,,,,P10N,Vaidya Rishikesh D,,T  9 10,,
"",,,,,,,Soham Chatterjee(RS),,,,
"",,,,,,P11N,Neha Mathur(RS),,T  9 10,,
"",,,,,,,Anju Panthi(RS),,,,
"",,,,,,P12N,Hatwar Nikhil Duryodhan(RS),,T  9 10,,
"",,,,,,,Chandrachud Bijay Vaswar Dash(RS),,,,
"",,,,,,P13N,Rambabu Rajpoot(RS),,T  9 10,,
"",,,,,,,Khushboo Kunwar Rao(RS),,,,
"",,,,,,P14N,Shivaraja S. J.(RS),,T  9 10,,
"",,,,,,,Mishra Shweta Ravindra(RS),,,,
"COMCOD",COURSE NO.,COURSE TITLE,CREDIT,SEC,INSTRUCTOR-IN-CHARGE / Instructor,ROOM,DAYS & HOURS,"COMMONHOUR","COMPREDATE &SESSION",,
"",,,L,P,U,,,,,,
"",,,,,,P15N,Akansha Thakur(RS),,T  9 10,,
"",,,,,,,Aruna Gupta(RS),,,,
"",,,,,,P16N,Amol Holkundkar,,Th  9 10,,
"",,,,,,,Srinidhi. S(RS),,,,
"",,,,,,P17N,Vaidya Rishikesh D,,Th  9 10,,
"",,,,,,,Anju Panthi(RS),,,,
"",,,,,,P18N,Anshuman Dalvi,,Th  9 10,,
"",,,,,,,Neha(RS),,,,
"",,,,,,P19N,Debashis Bandyopadhyay,,Th  9 10,,
"",,,,,,,Nivash.r(RS),,,,
"",,,,,,P20N,Debi Datt Pant,,Th  9 10,,
"",,,,,,,Mudit Sahai(RS),,,,
"",,,,,,P21N,Navin Singh,,Th  9 10,,
"",,,,,,,Nehal Mathur(RS),,,,
"",,,,,,P22N,Ashutosh Joshi(RS),,Th  9 10,,
"",,,,,,,Akash Gayakwad(RS),,,,
"",,,,,,P23N,Chandrachud Bijay Vaswar Dash(RS),,Th  9 10,,
"",,,,,,,Aruna Gupta(RS),,,,
1015,PHY F111,MECH OSCILLATIONS & WAVE,-,-,3,L1B,PARAMITA DUTTA,6102,M W F  11,,11/12 AN
"",,,,,,L2N,Vaidya Rishikesh D,,M W F  2,,19/01 AN
"",,,,,,,Kaushar Vaidya,,,,
"",,,,,,L3N,Niladri Sarkar,,M W F  9,,19/01 AN
"",,,,,,,Debashis Bandyopadhyay,,,,
"",,Tutorial,,,,T1B,Paramita Dutta,6159,T  9,,
"",,,,,,T2N,Amol Holkundkar,,F  4,,
"COMCOD",COURSE NO.,COURSE TITLE,CREDIT,SEC,INSTRUCTOR-IN-CHARGE / Instructor,ROOM,DAYS & HOURS,"COMMONHOUR","COMPREDATE &SESSION",,
"",,,L,P,U,,,,,,
"",,,,,,T3N,V Manjuladevi,,F  4,,
"",,,,,,T4N,Kaushar Vaidya,,F  4,,
"",,,,,,T5N,Srijata Dey,,M  4,,
"",,,,,,T6N,Amol Holkundkar,,M  4,,
"",,,,,,T7N,Debashis Bandyopadhyay,,M  4,,
"",,,,,,T8N,Paramita Dutta,,Th  7,,
"",,,,,,T9N,Vaidya Rishikesh D,,Th  7,,
"",,,,,,T10N,Biswanath Layek,,Th  7,,
"",,,,,,T11N,Sandipan Dutta,,W  4,,
"",,,,,,T12N,Debashis Bandyopadhyay,,W  4,,
"",,,,,,T13N,Subhashis Gangopadhyay,,W  4,,
1859,PHY F112,GENERAL PHYSICS,-,-,3,L1N,SANDIPAN DUTTA,,M W F  8,,27/01 AN
"",,Tutorial,,,,T1N,Sandipan Dutta,,M  1,,
1126,PHY F211,CLASSICAL MECHANICS,-,-,4,L1,RAKESH CHOUBISA,6156,M  10  T Th  3,,28/12 FN
"",,Tutorial,,,,T1,Rakesh Choubisa,6156,W  1,,
1127,PHY F212,ELECTROMAGNETIC THEO I,-,-,3,L1,V MANJULADEVI,6156,T Th  4  W  10,,17/12 FN
"",,,,,,L2,Anshuman Dalvi,6155,T Th  4  W  10,,17/12 FN
"",,Tutorial,,,,T1,V Manjuladevi,6156,F  1,,
"",,,,,,T2,Anshuman Dalvi,1227,F  1,,
1128,PHY F213,OPTICS,-,-,3,L1,DEBI DATT PANT,6156,M W F  9,,13/12 FN
"",,Tutorial,,,,T1,Debi Datt Pant,6156,M  1,,
1129,PHY F214,ELEC MAGNET & OPTICS LAB,-,-,2,P1,KAUSHAR VAIDYA,,T Th  7 8,,
"",,,,,,,Srijata Dey,,,,
"",,,,,,P2,Subhashis Gangopadhyay,,T Th  7 8,,
"",,,,,,,Raj Kumar Gupta,,,,
"COMCOD",COURSE NO.,COURSE TITLE,CREDIT,SEC,INSTRUCTOR-IN-CHARGE / Instructor,ROOM,DAYS & HOURS,"COMMONHOUR","COMPREDATE &SESSION",,
"",,,L,P,U,,,,,,
1666,PHY F266,STUDY PROJECT,-,-,3,L1,RAKESH CHOUBISA,,,,
1486,PHY F311,QUANTUM MECHANICS II,-,-,3,L1,TAPOMOY GUHA SARKAR,6156,T Th  5  F  10,,18/12 FN
"",,Tutorial,,,,T1,Tapomoy Guha Sarkar,6156,T  8,,
1487,PHY F312,STATISTICAL MECHANICS,-,-,3,L1,NAVIN SINGH,6156,M W F  4,,27/12 FN
"",,Tutorial,,,,T1,Navin Singh,6156,Th  2,,
1488,PHY F313,COMPUTATIONAL PHYSICS,-,-,3,L1,RASHMI RANJAN MISHRA,6156,M W F  5,,15/12 FN
"",,Tutorial,,,,T1,Rashmi Ranjan Mishra,6156,Th  9,,
1494,PHY F315,THEORY OF RELATIVITY,-,-,3,L1,TAPOMOY GUHA SARKAR,1227,M W F  7,,23/12 FN
1683,PHY F366,LABORATORY PROJECT,-,-,3,L1,RAKESH CHOUBISA,,,,
1751,PHY F367,LABORATORY PROJECT,-,-,3,L1,RAKESH CHOUBISA,,,,
1700,PHY F376,DESIGN PROJECT,-,-,3,L1,RAKESH CHOUBISA,,,,
1767,PHY F377,DESIGN PROJECT,-,-,3,L1,RAKESH CHOUBISA,,,,
2136,PHY F379,THIN FILM TECHNOLOGY,-,-,3,L1,RAJ KUMAR GUPTA,1232,M W F  2,,20/12 FN
1496,PHY F413,PARTICLE PHYSICS,-,-,4,L1,MADHUKAR MISHRA,6103,M W F  3,,22/12 FN
1498,PHY F415,GEN THEO OF REL & COSMO,-,-,4,L1,RASHMI RANJAN MISHRA,6107,T Th  4  W  10,,17/12 FN
1500,PHY F417,EXPT METHODS OF PHYSICS,-,-,4,L1,SRIJATA DEY,1205,M  10  T Th  3,,28/12 FN
1502,PHY F419,ADV SOLID STATE PHYSICS,-,-,4,L1,JAYENDRA NATH BANDYOPADHYAY,6103,M W F  9,,13/12 FN
1725,PHY F491,SPECIAL PROJECT,-,-,3,L1,RAKESH CHOUBISA,,,,
2297,SAN G511,SANITATION TECHNOLOGY,-,-,5,L1N,AJIT PRATAP SINGH,,T Th  5  F  10,,20/12 AN
2298,SAN G512,SANITATION AND PUBLIC HEALTH,-,-,5,L1N,TO BE ANNOUNCED BY CIVIL DEPT,,M  10  T Th  3,,28/12 AN
2299,SAN G513,SAN GVRNNCE BHAVR CHG&ADVCY,-,-,5,L1N,NISHANT ROY,,M W F  9,,24/12 AN
632,SS G514,OBJ ORI ANALYS & DESIGN,-,-,4,L1N,YASHVARDHAN SHARMA,,T Th  4  W  10,,28/12 AN
2109,SS G527,CLOUD COMPUTING,-,-,5,L1,HARIBABU K,6160,T  9  T Th  1,,14/12 AN
485,SS G552,SOFTWARE TESTING METHODS,-,-,4,L1,MUKESH KUMAR ROHIL,1203,T Th  5  F  10,,18/12 AN
430,SS G562,SOFTWARE ENGG & MANAGEMT,-,-,5,L1N,TANMAY MAHAPATRA,,M W F  4,,27/12 AN
